formula,target
Ag5IO6,1.4
In0.4Ga1.6Cu1S3.5,2.15
Li(CuO)3,0.0
VPO4,0.0
Mg3Bi2,0.0
Cr7C3,0.0
Nd(CoGe)2,0.0
ZnCu2GeS4,2.1
GdSe2,0.0
B4H2Pb6O13,3.24
BaNa2SnS4,3.27
YMoClO4,3.82
TlCr5Se3S5,0.89
Nb(Cl2O)2,0.0
LiMoIO6,2.8
KTeP2,1.4
NaSbTe2,0.47
TaPt3,0.0
ScGe2,0.0
Li4Ti5Cr3O16,0.0
LiPm2Si,0.0
Cd4P2I3,2.17
Ba4Sm2Cu2O9,0.0
Mg3N2,2.8
Ho(BC)2,0.0
LiMnP2O7,0.0
YbAgO2,0.0
CsGeI3,1.6
Ba23Ga8(SbS19)2,2.84
Al0.15Ga0.85As1,1.6
Cs3Bi2Br9,2.5
Al0.6Ga0.4P1,2.4
Ho(NiB)2,0.0
USeS,0.0
Pr2S3,2.6
DyB6,3.3
Tb5Ti5O17,0.0
BaSi,0.0
Zr4AlNi2,0.0
Pr2InGe2,0.0
SbOsSe,0.4
Rb2CrF6,0.0
NaZrCuTe3,0.0
Zn2Ni9O13,0.0
GeAs3,0.0
UFe5Si3,0.0
Bi2AsClO4,3.43
Y(SiRh)2,0.0
Sn0.25Pb0.75Se1,0.04
GaAgTe2,1.1
La6Sb4(SO4)3,2.6
Y2Fe2Si2C,0.0
SmSe,0.46
CrSi2,1.3
Sr2Co2O5,0.0
BaNa2GeS4,3.7
In1Sb0.2As0.8,0.12
ScGa2,0.0
PmDy3,0.0
Mg2TiIrO6,0.0
BaTi14O28,0.0
MgTi4O6,0.0
Ba2DyGaSe5,2.35
GdZn,0.0
Ba2FeReO6,0.0
KAu(IO3)4,2.75
Zr2Ni12P7,0.0
PtSe2,0.1
Pr1.29Lu0.71S3,1.38
USbSe,0.0
Ca3Au4,0.0
FeOF,0.0
TmMg2Sc,0.0
Ge3Bi3O10.5,3.3
Na2B6O9F2,7.33
In1.5Cu0.5Se2.5,1.24
Nd4O3F7,0.0
KInGeS4,3.1
Cs2MgGe3Se8,2.04
La2Si5Rh3,0.0
Yb2O3,5.22
Li3V4FeO12,0.0
Er5Si3,0.0
Nb3Te,0.0
KCuSnSe3,1.04
Eu(Ni2B)6,0.0
K6Ta1.03Nb2.97S25,2.01
Fe6W6C,0.0
TiC,0.0
Al0.99In0.01P1,2.4
BaNaB5O9,4.78
Li2TlAg,0.0
EuGe3Pt,0.0
Ba(NiP2)2,0.0
Ce2Al2Co15,0.0
Sn1Se0.01S0.99,1.08
Cs2Zn3(SeO3)4,4.3
Tm2ZnGa,0.0
Ba2DyCu3O7,0.0
Li2InAg,0.0
NaCdSb,0.0
Tm2MgTl,0.0
AlAgSe2,2.55
KAg2PS4,3.02
Dy5Sn3,0.0
BaGa4Se7,2.64
SiSn,0.59
TlCuCl3,2.98
Sm2AgRu,0.0
Yb3Ti3O14,0.0
ScAlNi2,0.0
Cu2GeS3,0.53
YCo2,0.0
Te2Mo2WSe4,0.0
Ta5N6,0.0
Ba4Si3Se9Cl2,1.76
AsSI,2.05
K1.83Cd1.83Bi2.17S6,1.37
GaSiRu2,0.0
Li2TeWO6,4.0
Ba3Yb4O9,0.0
K3Hg,0.0
Dy4Sb3,0.0
ZrSiTe,0.0
CaPb,0.0
Rb2Mo3Se3O16,3.1
CsScBr3,0.0
Ag2BiO3,0.0
Li2Fe3NiO8,0.0
GaSiAgSe4,2.63
RbLiCO3,6.28
U2(Co7B2)3,0.0
In0.3Ga0.7As0.3P0.7,2.05
SrUS2,0.0
RbCd4Ga5Te12,1.64
TlInTe2,0.62
CdCu2GeS4,2.05
BaGe2,1.0
CuCN2,0.0
LaGa,0.0
K3Ta2AsS11,2.21
NaLi3,0.0
BaUSe3,1.0
NdB6,4.9
Ba2GdGaSe5,1.87
KEuAsS4,1.89
LaCdAu,0.0
Ti2OsRu,0.0
LiSiB6,2.27
Y(FeSi)2,0.0
TmSb,0.0
Ta11(CuO6)5,2.58
Cs2Sb,0.62
Ga2(TeO3)3,4.14
ScTlS2,1.51
LiCa2Ge3,0.0
CdIn,0.6
Zn0.25Ga0.75As0.75Se0.25,1.51
CsZn2B3O7,5.69
Yb5Au4,0.0
Rb4CuSi2O7,0.0
TlGaSe2,1.65
BaCuTeF,2.3
V2OsRu,0.0
LaPt5,0.0
Mg9CuO10,0.0
Ce5Ge3,0.0
Sr2ScSbO6,3.57
CrIrO4,0.0
Eu(BiTe2)2,0.44
CeCd2Ag,0.0
UGa2,0.0
U(CoGe)2,0.0
In3Sb,0.0
K2Mo2Se2O11,3.3
CI4,2.26
SmSnRh2,0.0
Sm3B(SO)3,2.5
Cs2P2PdSe6,1.6
BaB6,2.64
Ir0.67Se2,0.45
BaGa2SiS6,3.75
In0.3Ga0.7As1,1.0
Na5Gd(MoO4)4,3.38
ZrSe2,2.0
Sr5Bi3,0.0
CsGdZnTe3,2.13
CsZrPSe6,2.0
Cu10Sb3,0.0
K2Se,1.8
Rb2TeI6,1.4
Ce2Co5B2,0.0
Cd4P2Br3,2.19
RbGaSnSe4,1.88
Cd2InCuTe4,0.85
SmSnPd,0.0
Mn5Ge2,0.0
Ce(BC)2,0.0
HfB4Ir3,0.0
NdIn3,0.0
GdNiO3,0.0
Li4VF7,0.0
LiB9PbO15,4.75
Er3SnC,0.0
Tl2O3,2.25
K2Sb8Se3,1.31
Hf2S,0.0
NbHO3,0.0
SnI4,2.38
Er3Te4,0.9
KB5PbO9,3.1
LiPm2Ga,0.0
CsLu7Se11,1.78
KSi2P3,1.72
Mg2SiPt,0.0
Li2(FeO2)5,0.0
Tl2TeS3,1.6
Nb2O5,3.08
NdTiGe,0.0
Bi2(MoO4)3,2.9
Y(Al2Cu)4,0.0
Na2Hg3Se1.49S2.51,2.03
Cs2ZnSn3Se8,2.12
Cs2Hg3I8,2.56
RbAg2SbS4,2.3
Sm2Tl,0.0
SiSb3,0.0
ThSeO,1.65
Ba7Ru4Br2O15,0.0
Gd2(Zn2Ge)3,0.0
Ca3Sb2,1.4
La2Zn(SeO)2,3.4
TbYbRh2,0.0
CdPt,0.0
DyCd2,0.0
UNiSn,0.0
CsYHgSe3,2.54
Ba4Ga5CuS12,2.82
Nb2Tl4S11,1.8
K2Cd3S4,2.75
InHgW2,0.0
SnS2,2.43
Eu(NiAs)2,0.0
Dy(InS2)3,1.22
Ge0.02Te0.98Pb0.98S0.02,0.34
BaIn2(P2O7)2,3.97
SrO,5.7
Pb2SeN2O9,3.76
Tb0.52Pr2.48Ga1.67S7,2.61
Sr3Sb2,0.0
YVSeO10,2.7
SmLuTl2,0.0
LiMgBi,0.4
Cs3Nb9(TeO8)4,3.22
CsK(PSe4)2,2.36
Sc2CuRu,0.0
YH2NO5,4.83
K2PdSe10,1.48
CeB2Ir3,0.0
Gd(NiGe)2,0.0
Ge0.3Te1Pb0.7,0.48
RbNbSe2O7,4.1
Nd(CrSi)2,0.0
PdSe2,0.4
CaZn5,0.0
BaZnSiSe4,2.71
Ba5V3O12F,3.85
Li3Mn3WO8,0.0
GaTc,1.42
K2Gd2Sb2Se9,1.33
Li4.5Cr0.5Te1O6,1.79
LaMg(FeO3)2,0.0
TbGa2Co3,0.0
CuPtO2,0.0
TlPSe2,0.5
Ho(SiRu)2,0.0
LiPr2Ru,0.0
La2Fe2I,0.0
CdHg6(As2Br3)2,1.89
TeI4,1.1
Cu2Te3O8,2.64
Zn0.9Ga0.1P0.1Se0.9,2.3
MnNiP,0.0
RbCd(BO2)3,4.2
Lu2Mn12P7,0.0
U6Co,0.0
Nd2Ge5Rh3,0.0
CsGaSnSe4,1.97
Bi5IO7,2.76
Zn0.75Hg0.25Se1,1.4
Ti9O8,0.0
ErB2Ir3,0.0
K10Zn4Ge4S17,3.34
Gd2Zn17,0.0
Eu3S4,1.7
KCuPO4,0.0
YbZnAu2,0.0
SmCo3B2,0.0
Hf5CuPb3,0.0
Mg3(B25C4)2,2.7
Sc6Te2Os,0.0
GdN,1.54
Ba14Ir8(PdO11)3,0.0
CsAg2AsS3,2.7
Ho2HfS5,1.0
CeSiOs,0.0
V5SiB2,0.0
HgIrO3,0.0
KSb,0.9
ErLu3,0.0
Lu7(TePd)2,0.0
Ho2CuRh,0.0
Y4US5O3,1.95
VFeSb,0.46
Ce3MnAlS7,0.0
YbPr2CuS5,1.25
Hf2Ge,0.0
Eu(TmSe2)2,1.8
In3Bi7(Pb2S9)2,0.0
CeGaO3,0.0
La3Mo4O16F,3.7
Zr1.33Ta0.67N2.61O0.42,1.93
CsNi2F6,0.0
Cr2CuS4,0.0
Cd2AgRh,0.0
MgMnRh2,0.0
KBiO3,0.0
La(PRu)2,0.0
Li3Fe2SbO6,0.0
Pb1Se0.99S0.01,0.26
Sm4MgRh,0.0
Ba2SnSe4,1.9
Be3N2,3.8
YMgAl,0.0
Tm5(Ge5Rh2)2,0.0
Ba2GaBiS5,2.38
Cs2Hg(ICl)2,2.15
Ba2TaInO6,4.17
GdSbPd,0.0
LuAg2,0.0
Nd3AlC,0.0
Cd1Se0.35S0.65,2.13
Cr(MoS2)2,0.0
TmAs,1.18
V3CrO10,0.0
Lu2TlCd,0.0
Ti2BRh6,0.0
CdAg,0.0
MnSiNi2,0.0
CsInHgS3,2.3
Ce(CuSb)2,0.0
AsSeBr,0.0
Mg3(MnAl9)2,0.0
CsNa8(B7O12)3,4.67
BaGa2SiSe6,2.88
Be2W,0.0
Yb2ZnPb,0.0
CuSbPbS3,1.31
K2Ta15O32,0.33
HoZnRh,0.0
Ba3B1.5Sb0.5S6,3.01
Nd2Ru2O7,0.0
In5Se6,0.14
LiY2Ru,0.0
ScCrO4,0.0
Ti4O5,0.0
Ta3B4,0.0
Ba(BRh)2,0.0
Si0.94Ge0.06,1.06
LaCu6,0.0
GeO2,5.54
Ba3CaIr2O9,0.0
NdRh,0.0
BaMnO3,0.0
ZnHg3(SCl2)2,2.65
NiAgO2,0.0
Ba3Sb2S7,2.4
Na2Ga2SnS6,2.2
USi3,0.0
CdCl2,5.7
Ag0.5Ge1Pb1.75S4,1.83
Ba3Eu(PO4)3,4.09
Yb2(ZnGe)3,0.0
Ga0.005Te1Pb0.995,0.37
Ba3In2(PO4)4,3.87
K2ZnTe2,3.0
Li15Mn2O12,0.0
Mn3PtN,0.0
Eu(LuSe2)2,1.7
Si0.1Ge0.9,0.8
Ga1Sb0.3As0.7,0.67
Tl2TeI6,1.47
Zn0.15Ga0.85As0.85Se0.15,1.47
Mn2P,0.0
NiTe,0.23
TbB(SbO4)2,3.53
RbC8,0.0
TmBRh3,0.0
Pr2InPd2,0.0
Cu2H3ClO3,0.0
LaScSi,0.0
Pr2Ge2Se7,1.32
K2Ho4Cu4S9,2.43
LiCa3As2H,1.4
Zn0.7Ga0.3As0.3Se0.7,1.93
Ge0.01Te0.99Pb0.99S0.01,0.32
Cs3PW3O13,3.27
Zn3(BO3)2,2.6
Ba2B6H4O13,6.53
Mg(FeO2)4,0.0
BaMn4ZnO8,0.0
Te2Pd,1.8
NbGaCo2,0.0
Yb(GaS2)2,2.3
AlIr,0.0
Cd4P2Cl3,2.17
Tl3AsSe3,1.3
La2Ni5B4,0.0
KCl,8.5
CsCdInSe3,2.4
Sr2TiO4,3.41
Na3Tl,0.0
Bi3I4O13F3,3.7
EuPd,0.0
KBiSe2,0.61
Zn0.9Hg0.1Te1,1.74
LaCuTeO,2.31
Eu(MgBi)2,0.0
TbInAg2,0.0
Gd1.05Sc0.95Se3,1.2
Mg3AsN,1.33
Ca6Cu2Sn7,0.0
LuUO3,0.0
LiCo(CO3)2,0.0
Rb3Mn,0.0
Hf2MnIr,0.0
Dy2(MoO4)3,1.92
KLu,0.0
UAl4,0.0
SrB6,3.68
Na2EuGeSe4,2.0
CsRb2Sb,1.5
Dy(GeRu)2,0.0
Dy3Ga,0.0
In0.3Ga0.7P1,2.2
Li3FeTe4O11,1.98
SbAs,1.6
K8Ce2I18O53,2.34
KCuSnS3,1.47
K2VCuS4,1.82
Er2(MoO4)3,0.96
Al0.8Ga0.2P1,2.43
La2Nb2N2O5,0.0
Pr3(Al2Si3)2,0.0
SrIn2(GeIr)4,0.25
Ge0.05Pb0.95Se0.95S0.05,0.29
MnNbO4,0.0
YBi,0.0
Hg3PS4,2.03
Sn(PO3)3,0.0
La(SiRu)2,0.0
CuBS2,3.61
CrAs,0.0
Ge(WO3)6,0.0
YH2,0.0
SmP,1.09
Gd3ReO7,0.0
Ti2TcNi,0.0
Li2MnGeS4,3.06
VBi(SeO4)2,2.2
Cs4In8GeSe16,2.2
LiIn(IO3)4,4.27
Mg2Ga,0.0
Al2CoIr,0.0
Zn0.8Hg0.2Se1,1.4
Ti2Sb(PO4)3,0.0
Ge0.15Pb0.85Se0.85S0.15,0.34
TeMoSe,0.0
Na11Ti20O40,0.0
ZnGaRh2,0.0
LiZrRh2,0.0
SmSi3Pt5,0.0
Sr2MgReO6,0.0
SmSb2,0.0
Zr0.67Ta1.33N3.03O0.12,1.71
Zn0.65Hg0.35Se1,1.0
LuScZn2,0.0
ErMg2,0.0
HoInPt,0.0
KSnAuSe3,2.28
YbWClO4,4.23
Ag2Mo(I2O7)2,3.06
Pb3Se2(BrO3)2,3.73
RbPPbO4,4.35
Zn6S5Cl2,2.71
CaPrZn2,0.0
CeAl2Pd5,0.0
Eu3BWO9,0.0
Sn0.15Pb0.85Se1,0.13
Al0.99Cd0.01Sb0.99Te0.01,2.21
MgAgAs,0.0
AgBiPbSe3,0.13
Sr(In4Rh)2,0.0
Na3In2Au,0.0
Eu(InAs)2,0.0
ZnCu2SiSe4,2.33
CoAs3,0.4
MnCu2Sn,0.0
NdF3,6.15
Na2TeSe3,1.87
Ba3ZrRu2O9,0.0
Nd10Se14O,1.98
Tm2CdHg,0.0
LiMnSiO4,0.0
SnTe,0.3
Nb2(CoO3)3,0.0
Eu(InTe2)2,1.22
SmAs,1.03
Pr5Si4,0.0
UCoSi,0.0
HoMn12,0.0
BiTeI,0.46
VPt2,0.0
Fe4Si2Sn7O16,0.0
BSbPbS4,1.8
Cr3Ni(PO4)6,0.0
CaAgF5,0.0
PrFeGe2,0.0
LiNiP2O7,0.0
K2La2Ti3O10,3.05
LiInSn,0.0
Li4Mn5Cu3O16,0.0
RbSbO3,0.0
TlCr5SeS7,0.97
Sr(CeS2)2,0.0
Sm2Fe17,0.0
Li6Mn5FeO12,0.0
BaAu(IO3)5,2.32
V6PbO11,0.0
Sb4Pb4S11,0.0
Ca2GeN2,0.0
K2Ga3CuSe6,1.72
CsZn4In5Se12,1.61
CoCu2Sn,0.0
Ba2ReNiO6,0.0
AgO,1.57
YbAg2,0.0
ZrW2,0.0
ZrAu4,0.0
Lu2Fe2Si2C,0.0
LiSbS2,1.36
K2Mn3S4,0.0
Ho2GeS5,2.5
Hf5Sb3,0.0
K3Nb2AsSe11,1.53
Ba2SmInSe5,2.22
In0.01Te1Pb0.99,0.53
UGaNi,0.0
Sm(ErSe2)3,2.0
KInSnS4,2.3
EuScO3,0.0
Pd(IO3)2,1.31
In2Bi3Se7I,1.38
Ba3V2(SeO4)4,2.87
TmMgCd2,0.0
Er(SiPd)2,0.0
LuBPd3,0.0
B2Mo(PbO2)6,2.9
SbPb2S2I3,2.0
KScO3,0.0
CsPPbO4,4.39
BaBSbS4,2.34
Bi0.2Te0.3Pb0.9Se0.9,0.25
La4Fe(SbS5)2,1.0
ZrHg4(PCl3)2,3.22
SmHoZn2,0.0
Ga1.02Sb0.98Se0.06,0.63
Co(PO3)4,0.0
In0.8Ga0.2As1,0.5
CoP2,0.35
K2NbCuS4,2.82
LiAlGe,0.0
SrZnSO,3.1
La2CuO4,0.0
Ge0.03Pb0.97Se0.97S0.03,0.28
Mn5O7,0.0
Eu(BiSe2)2,1.02
Sm2(SnSe3)3,0.7
CsGdO3,0.0
Zr2Co12P7,0.0
Sc2Fe,0.77
ErZn12,0.0
Li2Ni5(PO4)4,0.0
Nb3B2,0.0
EuNiGe3,0.0
K(GeSe2)2,1.8
Y4AsSe3,0.0
Ga2SnGeS6,2.04
Cs4Ga4Si19,1.14
U(Al2Fe)4,0.0
YSi2,0.0
TbPt,0.0
BaZn5,0.0
Si0.458Ge0.542,2.24
BaTi4O8,0.0
Ga1.05Sb0.95Te0.15,0.68
LaV,0.0
YN,1.9
RbCd4Ga5S12,3.02
VNi5(PO4)6,0.0
Al0.2Ga0.8P1,2.3
Rb2Ti(AgS2)2,2.33
YbPr11Se16,0.0
TaRh3,0.0
CeAsPd,0.0
MnCu3,0.0
Eu3Sn,0.0
PtS2,0.75
Sr2La2Pt1O7.13,2.52
Ho10Si17,0.0
HfSiPt,0.0
K3NaSn3Se8,2.2
YbZnPt,0.0
Cd0.5In2.2Ag0.4Te4,0.19
Nb2Sb,0.0
K2Gd2Ti3O10,3.3
BAs,1.45
Sn0.06Te1Pb0.94,0.28
Cs2Sn(PSe3)2,2.06
YbB2Rh3,0.0
Hg3Bi2(SCl4)2,3.26
Ba6Ga2SnSe11,1.99
YbSb,1.0
CoH2(SN)4,0.0
CsLu7S11,1.86
Ho2S3,0.5
BiO,0.0
Ge0.41Te1Pb0.59,0.49
Ba5(GaSe4)2,2.51
Pr(InS2)3,1.14
Lu(InS2)3,1.27
CsCu2AsS3,2.3
YSiRu,0.0
Eu3Bi4S9,1.18
Cs2ZnGe3Te8,1.07
Dy12C6I17,0.0
UHg3(TeCl3)2,2.6
RbF3,0.0
CaGaGe,0.0
TaCoSn2,0.0
AlAgTe2,1.8
Sc(TiN)9,0.0
Zn8Ag5,0.0
LiSiPd2,0.0
AgPdO2,0.0
In4Bi3S10,1.42
SmIn2Rh,0.0
In1.99Cu0.01Se2.99,1.45
NaInSnS4,2.4
AlV(TeO4)2,2.9
Ho2Ge5Rh3,0.0
Cs2NaMnF6,0.0
Bi12PO20,3.25
Zr2HBr2,0.0
TiZn3,0.0
CdSb4MoO10,3.4
Li2Fe3CoO8,0.0
Na2In4Se6S,1.92
Tm(FeSi)2,0.0
TbRh2,0.0
Cu2Sb,0.0
Lu2CrS4,1.75
CdCu(SeO3)2,3.33
In3Au10,0.0
Ga0.04Te1Pb0.96,0.37
Rb1.45Sb7.45Pb3.1Se15,0.45
Cu4Pd,0.0
Cd0.3Hg0.7Se1,1.1
Ta4FeTe4,0.0
Cu4As2O9,0.0
Rb3Sb,1.0
ScTlSe2,0.79
Tm2In,0.0
Ca(GeRh)2,0.0
NdSb,0.0
FeP4,0.32
BaTl3,0.0
Cs2PdSe8,1.5
Dy6FeTe2,0.0
Tb(Ni2P)2,0.0
Pr3I,0.0
Na2Ti3O7,3.51
Sr7Bi23O40,0.0
Re2PbO6,0.0
CdI2,3.8
Rb2Tb3AlF16,0.0
Na2Zn(GeSe3)2,2.36
Rb2Ti(CuS2)2,2.19
Yb(CuS)3,1.56
K3Cd(BO2)5,3.47
Ca3Au,0.0
Li2MgIn,0.0
Ce2Cu(NO)2,0.0
YbSe,1.5
Cd0.5Hg0.5Se1,0.8
Li5(BiO3)4,0.0
Ba5Cd(Ga2Se5)3,2.6
Na2Cl,0.0
NaF,10.5
CuPS3,2.2
TlInHgS3,1.74
Be2HgTe,0.0
Sr2V3Se5O18,2.47
Th(Al2Fe)4,0.0
K3Ga3Ge7S20,3.25
Tb2Sb5,0.0
NaSi2Pd3,0.0
Tm4Sb2Se11.68,1.22
CaGaAu3,0.0
In1Sb0.01As0.99,0.17
Mg23Al30,0.0
NdPt,0.0
TlCdS2,1.5
CsMg149,0.0
Ce8U2O21,0.0
Eu(AsPd)2,0.0
YbNd2CuS5,1.35
Tm2Ru2O7,0.0
Li2GaPd,0.0
AsAu3,0.0
Ce5CuSe8,0.0
CsAgCl3,0.0
PrSbPt,0.0
Pr1Te1.9,1.0
Ce2CrN3,0.0
MgRhF6,0.0
In0.4Ga0.6As0.6P0.4,1.74
Rb28(Mg3In17)3,0.0
Nb3V(PO4)6,0.0
Dy2ZnIn,0.0
PmSbRh2,0.0
Ga1.85Cu0.15Se2.85,1.92
Ba14Na8CaN6,0.0
Li8TiNi7O16,0.0
Li2NdSb2,0.0
Al2S3,4.1
CeLu3,0.0
LiLu2Pd,0.0
La2Ge2Se7,1.08
K10Fe4Sn4S17,2.2
B3Pb10Br3O13,3.25
KBr,7.6
Eu4Te7,0.31
CsSc(SeO3)2,5.2
TbYHg2,0.0
Na2In2GeSe6,2.47
BiSeO3F,3.83
DyInAu,0.0
Li4Co5SbO12,0.0
Y3Ge4,0.0
Zr3Hg,0.0
Co2Te3O8,3.6
HoTiO3,0.0
DyBiPt,0.0
Ba2SmCu3O7,0.0
TiV4CuO12,0.0
EuTiO3,0.0
Ga2Se2O7,4.61
In2HgSe4,0.6
Ga1.7Cu0.3S2.7,2.55
Nb3Os,0.0
CeSbO3,0.0
CrCu2Si,0.0
BaPd(IO3)4,1.97
Li4Mn5Ni3O16,0.0
In1.01Cu0.99Se2.01,1.08
Li2(LuGe)3,0.0
NbHg3F6,0.0
Bi2Te0.6Se2.4,0.28
LiMgN,3.2
Bi1Sb0.15,0.02
AlFe4(CuO4)3,0.0
MnPSe3,2.5
Ce3In3Ru2,0.0
NaLu(Pd3O4)2,0.0
CeAlO3,0.0
Sr(NdS2)2,2.45
Ag2PdO2,0.18
CuPd,0.0
Mg2GeB2Rh5,0.0
Eu(GaTe2)2,1.7
LuPt3,0.0
Cd1Se0.65S0.35,1.93
K3Bi2I9,2.1
K2Hg3Se1.31S2.69,2.28
KInS2,3.0
NaHg,0.0
LuIr,0.0
Li2ZnGeSe4,1.86
CdBr2,4.47
Na2In2GeS6,3.17
Tl(MoSe)3,0.0
As2Ru,0.8
Ba3Gd2(PS4)4,3.41
Mg2Cu,0.0
Ga0.01Te1Pb0.99,0.42
Y3(Fe31B7)2,0.0
Tb2SbO2,0.0
Sn2SbS2I3,1.5
HfC,0.0
Y3Al3NiGe2,0.0
Ba2HgS5,2.4
GePt2,0.0
Er2Se3,1.66
BaO,4.8
AgBi(PSe3)2,1.4
PmMgCd2,0.0
Ce2S3,1.12
TiO2,3.3
POsS,1.4
Bi2Te1.2Se1.8,0.28
Li6(NiO2)5,0.0
TlNi,0.0
Cs2Al2B2O7,4.13
MgCu2GeS4,2.36
SrTaNO2,1.99
NiAsO3,0.0
Zr5Sn3,0.0
LaAl12O19,0.0
LaMg3,0.0
Nd3Ni13B2,0.0
Ca3Al2Ge3,0.0
Rb2Cu2SnS4,2.08
Cs2Ga2S5,3.26
TlN,1.4
Cs3V2Cl9,0.0
DyYAg2,0.0
Cs2Cd1.35Hg4.65S7,1.84
Rb2GeB4O9,5.54
Ti3SnC2,0.0
Tl5Te3,0.0
Sc2GaIr,0.0
CdSnO3,3.0
La3GaCuSe7,1.36
La3AlN,0.0
CsInSnS4,2.9
CaEuO2,0.0
Ag2GeS3,1.98
CsSmHgSe3,2.37
Ga1Sb0.95As0.05,1.28
YMoO4F,3.78
TbYbHg2,0.0
CsCd4In5Te12,1.42
Tm(SiOs)2,0.0
Li2SnHgS4,2.32
RbZn4In5Se12,1.76
Sm2(PPt2)3,0.0
Cd0.3Hg0.7Te1,0.27
Mn5O3F5,0.0
Ga3Pt2,0.0
ReBiO3,0.0
Al0.01In0.99P1,1.3
Ba4Yb(CuO3)3,0.0
Sn5(BRh3)2,0.0
NaBi3,0.0
Sr2Pr2Pt1O7.07,3.05
K3LiNb6O15,0.0
NaInTe2,1.6
Ba8Hg4Se7S5,1.98
Zr2In5Ni,0.0
YbSb4Te7,0.22
RbTmO3,0.0
Mg3Ru2,0.0
Pb1Se0.5S0.5,0.33
DyZrRu2,0.0
Yb2MgSe4,0.0
Pt0.97S2,0.95
YbSi2Ni,0.0
CBr4,3.7
HoCu4Pd,0.0
ScSnPd,0.0
Ce3NbS3O4,0.0
Tm(GeRu)2,0.0
Dy2Te3,0.69
Bi2Te0.45Se2.55,0.2
Sr3(SnIr)4,0.0
Te0.6Se0.4,0.7
Ba3CrS5,0.0
CsPSe4,2.44
NdBi,0.0
Li5Cr2Ni5O12,0.0
Y(NiP)2,0.0
Sr8(MnN3)3,0.0
AlFe2Si,0.0
YV(BiO4)2,2.09
KAg2SbS3,2.1
Yb11(Ni10C)6,0.0
Sm2CuAs3O,0.0
Rb1.54Cd1.54Bi2.46S6,1.33
Ga1.8Cu0.2S2.8,2.65
Lu2TlAg,0.0
SbPbBrO2,2.67
NaB15,0.32
Pm2CuGe,0.0
Ho2Au,0.0
CeNbO4,0.0
Ga8Cu3Mo2,0.0
Dy2AlCo2,0.0
Li6FeO5F,0.0
Cs2Cd0.25Hg5.75S7,1.66
Li2MnCo3O8,0.0
PPdSe,0.15
TmScHg2,0.0
BeSe,4.0
TmSnRh,0.0
CaInPt,0.0
Lu5Si3B,0.0
Nb40N21O16,0.0
SnCl2,3.9
CsSbS2,2.8
ZnSiAs2,2.12
EuTiClO3,0.0
CsCd4Ga5S12,3.09
La2Ge5Ir3,0.0
LiAsS2,1.6
La4InSbS9,2.07
Hf2Ni,0.0
Mn0.1Te1Pb0.9,0.49
Eu1.83Ta15O32,0.23
In1Sb0.9As0.1,0.27
Si0.162Ge0.838,1.32
LiThAu2,0.0
RbGeB3O7,5.58
Bi2(PO4)3,0.0
Ba2ZnSe3,2.75
K2Nd2Ti3O10,3.25
Ba4Ga4SnSe12,2.16
Si0.08Ge0.92,0.72
Cd2InCuTe3,0.7
Ge0.01Te0.01Pb0.99Se0.99,0.23
LaSi2Ru,0.0
VP4,0.0
Pr(CoAs)2,0.0
PdSe,0.2
AgPt3,0.0
ZnCu2GeSe4,1.63
Ge0.01Pb0.99Se1,0.27
ErTe,0.9
LiGaPt2,0.0
Cr2CuTe4,0.0
Mg5Tl2,0.0
Hg7.5As4Cl6,1.73
Zn2BIr2,0.0
RbH3(SeO3)2,4.84
SiSe2,1.72
CsMn4In5Te12,1.48
Hf3P3Pd4,0.0
Rb6O,0.0
Ba2CoWO6,0.0
Cs2NaCoF6,0.0
Ba2YReO6,0.0
BaCdSnS4,2.3
Ba3InS4Cl,3.42
HoB2Rh3,0.0
Ga2Si(AgS3)2,2.35
Ti5(B6O13)2,0.0
Li2V2F7,0.0
K2RbSb,1.2
CaIrO3,0.0
SmAu3,0.0
Fe9Co7,0.0
Ba5In4Te4S7,2.13
Ce6B2(CBr)3,0.0
NdCrGe3,0.0
Tb5Tl3,0.0
K4Ag9(SbS3)4,2.0
LiZnBO3,3.1
Mn3SbO8,0.0
Rb2BaNb2Se11,1.53
La2VNiO6,0.45
Mg3Ga7Co2,0.0
Ce9SmO20,0.0
Sm2ZrSe5,1.41
MnBe2Co,0.0
Ca(AlZn)2,0.0
Sn0.13Pb0.87Se1,0.02
DySn3,0.0
Cu(NO3)2,0.0
CsGeB3O7,5.76
Ga1.001Sb0.999Te0.003,0.72
HoCo3,0.0
NaTa3,0.0
Rb2Na2IrO4,0.0
ErAlGe,0.0
SmCuO3,0.0
SmHgPd,0.0
B4W,0.0
Ag2HgI4,2.47
SnPt3C,0.0
Zr7Sb4,0.0
Al2FeNi,0.0
K8N3O,0.0
Li14Ti21O48,0.0
Lu3BC3,0.0
Cu3Hg2(Te3O8)2,2.56
Ga1Sb0.25As0.75,0.65
InBi2S4Br,1.5
Sm2Te3,0.7
Tl2BiP2S7,1.8
BaCuSbS3,2.0
K2MnSnSe4,1.7
Bi2Te3,0.25
DyAgGe,0.0
Ag3Pd,0.0
MnTcOs,0.0
Nd3Te4,1.6
NaBiS2,0.38
Hf3(NiGe)4,0.0
Li2Cu2S3,0.0
Ce2ZnNi2,0.0
CsTa3(SeO6)2,3.88
TlZn2Tc,0.0
Al3Tc,0.0
U4N7,0.0
Sm2IO2,0.0
Sm2Mn3(SbS3)4,1.5
Cs3Sb2Br9,2.3
YbTlS2,0.0
Sm1.82Lu2.18Se6,1.51
SmHoHg2,0.0
Al0.4Cd0.6Sb0.4Te0.6,1.8
SrLa3MnO8,0.0
K2NbCuSe4,2.14
K6Yb3(PS4)5,2.6
RbIn5S6,2.5
Ti3Fe3O,0.0
HgPt,0.0
ZrGaPt,0.0
Yb14Ti10O41,0.0
Sr2GeN2,0.0
Bi2Te0.9Se2.1,0.28
Yb8Ge3Sb5,0.0
Cu7Hg6,0.0
CdInCuSe3,1.66
La(InS2)3,1.03
P2Pd3S8,2.12
YbDyPd2,0.0
KTa3CuO9,0.0
Fe6O7F5,0.0
UO,1.5
RbCu(SbS2)2,1.6
Mn2CoAs,0.0
Y3GaCo3,0.0
BaNb4O6,0.0
Li2PtO3,2.3
Er5Bi3,0.0
Al0.45Cd0.55Sb0.45Te0.55,1.93
Ca3BiSb,0.0
TiMn2Ge,0.0
Mg17Al11Pd,0.0
RbCu2SbS3,1.67
AgBi(PS3)2,1.7
TaAlPt,0.0
K2FeGe3Se8,1.95
Mn2GaW,0.0
Eu(ZnGe)2,0.0
SiTe2Os,0.0
Dy3Al0.5Si1S7,2.22
CuPO4F,0.0
Hf6PbO18,0.0
CdP4PbO12,4.85
In0.005Te1Pb0.995,0.43
CsInS2,3.4
LiCuO2,0.0
Ca6Ag16N,0.0
LuCd4B3O10,3.7
InPS4,3.12
Ga9Rh2,0.0
SmCdHg2,0.0
ZnI2,4.53
YbCuGe,0.0
MnGaPt,0.0
SbRh3,0.0
CoOF,0.0
LiZr2Os,0.0
Sc(CuSe)3,0.3
Pb1Se0.01S0.99,0.37
HoTh3,0.0
Ce4InSbSe9,1.69
CoSb2,0.17
In1.65Cu0.35Se2.65,1.19
Nd(PRu)2,0.0
CeSI,0.0
Zn(GaSe2)2,1.72
ScNiSb,0.11
ThS,0.0
Bi12Rh12O41,0.0
Al0.1In0.9P1,1.5
In1Sb0.8As0.2,0.21
RbCuSnS3,1.44
Ag8GeS6,1.18
NaAlGeS4,3.6
Ba2DyInTe5,1.35
DyZnGa,0.0
MnCdO2,0.0
Cu1.8S1,2.3
EuSbO3,0.0
Er(Al10Cr)2,0.0
Li3Mn(CuO3)2,0.0
Pr(BiO3)2,0.0
RuSe2,1.0
Ga2GePbSe6,1.96
TmH2,0.0
Sm(CuO2)2,0.0
PH6NO4,6.8
Rb3Sb2Br9,2.48
La2Ge5Rh3,0.0
In0.2Ga0.8As0.2P0.8,2.15
YNi4B,0.0
HoSi,0.0
Sm2IrPd,0.0
Li2Sn5,0.0
Tm(MnGe)6,0.0
Ca5Ir,0.0
TeO2,3.0
BaCuSbSe3,1.6
CaHfZn,0.0
Sr4Ga8Ge15,0.05
SbPbIO2,2.48
MgSc,0.0
Cd4Sb2I3,1.83
LuSiIr,0.0
Hf2Fe,0.0
Bi2SI2O11,3.74
Eu3Sb4Se9,1.08
Dy(CuSi)2,0.0
Ho(MnSn)6,0.0
Li3VOF5,0.0
Er(ReO4)2,0.0
Ho5Si4,0.0
La10Mn9O30,0.0
Th(MnGe)2,0.0
UGa3Ni,0.0
Cu2PHO5,0.0
Nb5Ge3,0.0
Y3Si3Pd2,0.0
YB2Rh2C,0.0
CeBiW2O9,2.34
RbF,10.4
Mn15Si26,0.7
Sm3Te4,0.51
Ca2Sn2F3,0.0
ZnAs,0.9
ZrHCl,0.0
Ba4Si20Au3,0.0
Hf2OsPd,0.0
Cs2Hg6S7,1.63
LaNbN2O,1.7
SrSeO4,4.75
NdTlPd,0.0
CaGe2,0.0
PmCd3,0.0
Cu3(BiI4)4,0.0
Na8PO3,0.0
HPbI3,0.0
Al0.7In0.3P1,2.3
BSb,2.6
KCoO2,0.0
Pt3PbC,0.0
K3UF3,0.0
KAg2,0.0
Sr2Cu(ClO)2,0.0
ZnCu2SnSe4,1.44
HfTc,0.0
YB66,0.8
BaAg2,0.0
EuSnO3,0.0
RbBi3TeSe4,0.8
BeTe,2.89
Th(FeSi)2,0.0
Li0.5Ge1Pb1.75S4,1.95
Th(FeGe)2,0.0
HfGaCo2,0.0
U2Zn17,0.0
BiPO4,3.85
Rb3Zn(BO2)5,2.66
SmB66,0.8
Ag7AsSe6,1.0
Zn4.5Ga1Sn0.5O7,3.0
Li2LaTl,0.0
Cd0.23Hg0.77Te1,0.12
SrNi5As3,0.0
K2SmP2S7,2.59
Ce4Bi3,0.0
Al0.01Ga0.99P1,2.27
PdPb2,0.0
TmCoSi2,0.0
K2Sm2Ti3O10,3.26
VAg(IO4)2,2.24
TaPd3,0.0
GaBi25O39,2.99
TmMnGe,0.0
ZrSe,0.0
In0.8Ga0.2As0.2P0.8,1.4
Pt3Pb,0.0
Ta6Be15Cu8,0.0
HfHg4(AsCl3)2,2.47
Sc(VGa2)2,0.0
NbSiIr,0.0
CsNb6I11,0.0
DySnRu2,0.0
ErFeC2,0.0
CsGa(SnSe3)2,1.87
Tb11S16,0.0
Hf7P4,0.0
UGa5Ir,0.0
Li3CrO4,0.0
ErRu3,0.0
Li4Fe3NiO8,0.0
K2AgSnSe4,1.8
AsPd3Pb2,0.0
YbTlSe2,0.0
CsSb(SO4)2,4.68
SmNi2B2C,0.0
ErNi4B,0.0
Cu3Bi6S10I,0.72
K2RuCl6,0.0
GdScS3,2.1
LiEr2Ga,0.0
Rb3Nb2AsSe11,1.5
Y4C7,0.0
KTaO3,3.5
InAu3,0.0
ZnWO2,0.0
YAs,0.0
YMgGa,0.0
Eu2Ge(BO4)2,0.0
La3NiBr3,0.0
SmBiW2O9,3.39
VO,0.3
Mo5O14,0.0
ScCu2,0.0
ErSnAu,0.0
Zn2WN2,0.0
LiTaRh2,0.0
Nb3(Fe10B3)2,0.0
Ce3Pd5,0.0
Tl2.35Sb8.65Se14,0.6
CsIr,0.0
Rb9Bi13S24,1.3
Tb2C3,0.0
ZrSbRu,0.0
Li2MgHg,0.0
InSb2S4Br,1.8
Gd2Se3,2.2
Ho3P,0.0
Sr3Bi(PO4)3,4.0
BaBiClO2,3.71
Li17Nb20O60,0.0
GdTe,1.3
Cr3Se4,1.59
ZnCrO2,0.0
Li13Ti22O48,0.0
Mg2PdAu,0.0
Li3Co3SbO8,0.0
Y4CuTe8,0.0
CrCoGe,0.0
Bi4I,0.0
NaIn(TeO3)2,4.0
ZnIrO3,0.0
Nb5OF14,0.0
P2Pd,0.65
CuSbSe2,1.05
CeSi2Ni,0.0
ThPSe,0.0
Cd0.9Hg0.1Se1,0.35
VTe2,0.0
Nd(NiSn)2,0.0
CsBiS2,1.39
Ba5In4Bi5,0.0
Th(SiRu)2,0.0
B2Se2O7,4.64
NbSe2,1.4
Mg5As,0.0
Rb2Cd3(B4O7)4,4.76
Ba2YInTe5,1.36
Ba8Ta7O24,0.0
Nd5Ge3,0.0
PrMgAg2,0.0
Li7Ti16O32,0.0
CeAsSe,0.0
CsCeCdSe3,2.4
MgCo2(PO5)2,0.0
BeTcSe,0.0
Eu2O3,4.5
Eu3Sb4S9,1.2
Mg(TiS2)4,0.0
Sn0.17Te1Pb0.83,0.15
Cs2Cd3Te4,2.48
AgTe2As,0.8
NbCrN,0.0
U(BH4)4,0.0
La3In1Ge0.5S7,2.61
Mn3NiN,0.0
Ba3Er2(PS4)4,3.3
Zn(CoO2)2,0.0
Sm(CoSi)2,0.0
BiSI,1.56
Bi2Te0.4Se2.6,0.7
Ca(NdS2)2,2.7
Ti1C0.9,0.3
EuB(SbO4)2,3.46
CrNiAs,0.0
Ba3Co10O17,0.0
Ba2SmGaSe5,2.27
Tl2GeTe3,0.36
Li3Ti3(PO4)4,0.0
ZnHg3(SeCl2)2,2.23
KV2I3O13,2.3
Ba3PN,0.0
Ce(PPt2)2,0.0
BiSbTe3,0.19
CeMgZn2,0.0
TbGa3,0.0
ZnSb,1.05
RbGe3,0.0
ScRh,0.0
HgTeI,1.85
CeOs2,0.0
CeTl2P2S7,2.4
Sr8Co8O23,0.0
Ba3La3(Cu3O7)2,1.8
InAsI,0.41
Li3Co4TeO8,0.0
LiAl2Rh,0.0
RbAg5(PS4)2,2.4
Sr5V3O12F,4.5
NaInSe2,2.8
K2.15Sb8.15Pb1.7Se15,0.6
La1.86Tb1.14Ga1.67S7,2.67
Ba(GaSe2)2,3.16
PrErIn2,0.0
Zn0.3Ga0.7P0.7S0.3,2.3
MnAlAu2,0.0
Ti5ZnO7,0.0
Ti2NiSe4,0.0
PrB4,0.0
Ti2TcPd,0.0
Mg2Co,0.66
Y(Al5Fe)2,0.0
Ge3Sb,0.0
Sr(LaS2)2,2.85
Ba4Ge3Se9Cl2,1.89
In3CuS5,1.2
Re(TeCl6)2,0.0
TiFeH2,0.0
TbInIr,0.0
KAg2AsS3,2.25
CeRh,0.0
NaYb(PS3)2,1.85
In0.9Ga0.1As0.9P0.1,0.45
Na2Pt(IO3)6,2.4
SrTh(PS4)2,3.02
GdSb,0.0
In0.2Ga0.8As1,1.07
RuS2,1.8
GdPbAu,0.0
Dy2O3,5.0
CrNi3,0.0
Cs4Ag9(SbS3)4,2.0
Tm2ZnAg,0.0
TlCr5Se5S3,0.8
DyAgHg2,0.0
Tb2EuSe4,2.0
LuP,1.3
Ni3SnN,0.0
Zr2Al,0.0
LiGaAg2,0.0
Sb2XeF14,0.0
Al2Cr2O7,0.0
Ga1.1Sb0.9Te0.3,0.7
Ba3Bi0.5B1.5S6,2.43
Ba2ErInTe5,1.35
Li3(CoO2)4,0.0
CdSb2Se3Br2,1.4
TlCr5(SeS)4,0.85
NdGaO3,0.0
Sc5Bi3,0.0
TbBe13,0.0
Th2Fe7,0.0
BeFe2Si,0.0
LiCu2Ge,0.0
Cs2VAgS4,1.77
NaCdAsS3,2.93
Hf54Os17,0.0
Yb(HO)3,0.0
Sm2Pd2Pb,0.0
AlCuTe2,2.06
La3Si1Sb0.33S7,1.92
Er2C3,0.0
CsMn4Ga5Te12,1.55
LiZn2GaO4,4.0
Tl3Cr,0.0
Si0.3Ge0.7,0.88
BiSe,0.4
HoGe,0.0
Ti2CuS4,0.0
HgTeBr,2.06
In2Se2O7,2.97
V3Ag,0.0
Cd0.01Ga0.99Sb0.99Te0.01,0.72
Mn2OF3,0.0
Ta2N,0.0
K4C2O3,0.0
EuO,1.12
Sr2La2.58Bi5.42S14,1.0
RePO5,0.0
Ba4B11O20F,7.1
TiNiSb,0.42
VB2,0.0
In2HgS4,2.0
MgPb3,0.0
Rh7(PbO5)3,0.0
KBaB5O9,3.65
Ba4InAgSe6,2.41
Na2VCuF7,0.0
Li2FeSnS4,1.86
EuAlO3,0.0
ReSn3,0.0
Rh2S3,0.8
Rb5B(SO4)4,3.99
ZrMo3,0.0
V12P7,0.0
LuHfRu2,0.0
TlInGeS4,2.3
GeRh,0.0
Li4Co3CuO8,0.0
In0.07Te1Pb0.93,0.32
Cu2HgGeSe4,0.0
Cs1.13Cd1.13Bi2.87Se6,1.0
Cd0.07In0.93Te0.07As0.93,0.68
V2Bi4O11,2.0
V3Si,0.0
Sr(PrS2)2,2.7
TmU2S3O2,0.0
LiCu3F7,0.0
CaCdPd2,0.0
Nd3(GeRu)2,0.0
LuGe2,0.0
Ba3BSbS6,2.62
PmCdPd2,0.0
Sc3(ReSi2)2,0.0
K4Ga4Si19,1.18
Si0.9Ge0.1,1.04
TaInNi,0.0
P2O5,0.0
SrLaMn2O6,0.0
Sr(YbS2)2,0.0
LiCa2Ga,0.0
Na4Mg(SiSe3)2,2.85
ZrGeRu,0.0
Ge0.39Te1Pb0.61,0.56
MgTe,3.6
U2Cr30P19,0.0
In9AgTe14,1.5
ErB6,3.5
KC60,0.0
LiMg2Ag,0.0
LiAlRh2,0.0
Mn2AlB2,0.0
Sr3Co2S2O5,0.0
CsAu,2.3
La10Si8O3,0.0
Tl0.01Te1Pb0.99,0.59
MgCuBi,0.0
PW5O17,0.0
LiCl,9.33
AlBi,0.4
POsSe,1.4
KRuO4,0.0
GaCuGeSe4,1.38
CaCdSi,0.0
Cs2TeBr6,2.12
K2Ge2PbS6,2.85
ErNiSn,0.0
Ho(CuSe)3,0.16
Yb(SbTe2)2,0.34
LaCd2,0.0
Ga2GeTe3,0.84
BiPb2S2I3,1.6
Ga2CuSe4,0.63
Zn0.85Ga0.15As0.15Se0.85,2.25
DyNiSn,0.0
TaCu3S4,3.0
La2S3,2.77
Dy3GaS6,2.81
YbPO4,0.0
ScHg,0.24
ErCuPb,0.0
Al0.01Cd0.99Sb0.01Te0.99,1.6
RbInGeS4,3.1
RbV(CuS2)2,1.45
LuMnSi,0.0
Pd3(PbS)2,0.0
Sn0.2Te0.2Pb0.8Se0.8,0.14
B6As,1.51
LuScRu2,0.0
ScTiNbO6,3.58
W2N,0.0
La(In2Au)2,0.0
In1.6Cu0.4Se2.6,1.32
La1Se0.14S1.86,2.5
TiAuCl,0.0
ScZnPt2,0.0
Dy(CoGe)2,0.0
Li2HgGe,0.93
Ta2Tl4S11,1.26
LaSi,0.0
Ba4LiGa5Se12,2.65
Yb(AlGa)2,0.0
LiB3,2.0
V3Pt,0.0
DyBPd3,0.0
PrSmO2,0.0
Tb3Ge5,0.0
Y2S3,2.9
KF,10.3
Ta22(CuS12)3,0.0
BP,4.2
ThRh2,0.0
Hf3P,0.0
Pd2N,0.0
FeCo2Si,0.0
HfInCu2,0.0
La2Fe(SeO)2,0.7
BaTeMo2O9,3.12
KTa3(TeO6)2,4.06
Al0.35Ga0.65As1,2.0
PbN6,2.98
HgTe,0.15
CsB3O5,7.42
CsTiCl3,0.0
SrRhF6,0.0
LuC2,0.0
Eu2ReO5,0.0
TlSnAuSe3,1.2
EuH2,1.85
ScAg,0.0
Mn2GeS4,0.0
HgBr,2.6
Ba2ZnTe3,2.1
Eu(HoSe2)2,1.8
SmAg,0.0
La5YbS8,0.0
In1Sb0.3As0.7,0.11
Sm2Cu4Sn5,0.0
Cs2Cd3(B4O7)4,4.76
Zn0.05Ga0.95Sb0.95Te0.05,0.85
LiZn(Fe5O8)2,0.0
SmCrGe3,0.0
Ba7(SnS3)5,2.29
Ca2Os2O7,0.0
SnI2,2.4
La2VCoO6,0.41
HoAlB14,0.0
K3(FeS2)2,0.0
PdS2,0.75
KLiCO3,6.32
CdPd,0.0
U2SnRh2,0.0
Rb3Sb2I9,1.94
B3H2Pb2O7.5,4.42
K10Sn3(PSe3)8,1.82
Cu2O,2.58
CsInTe3O8,3.9
Nd2WC2,0.0
Nd(Re2Si)2,0.0
YbSn2Pd,0.0
Ca5Au2,0.0
InAg3,0.0
Al7(CN)3,0.0
Cs2MgSn3Se8,1.92
Sr4Te3(ClO2)4,4.0
Zr3(Cu2Si3)2,0.0
HfAlPd2,0.0
AlCoO3,0.0
IrPb,0.0
Ni2PO5,0.0
K2Ag3Sb3S7,2.2
U2Cl5O2,0.0
Ga1.1Sb0.9Se0.3,0.67
Dy1Te1.7,0.35
Li3PS4,3.68
La5Cu6.33S7O4,2.0
Li2Fe3SnO8,0.0
MnF2,9.9
Ba2GaSbSe5,2.51
DyBiPd,0.0
WCl3,0.0
Ce(AlZn)2,0.0
CsErZnSe3,2.56
Ag7NO11,0.0
LiV3O4,0.0
Eu3Se4,0.58
Al0.2In0.8P1,1.7
InSb2Se4Br,1.35
Li3Co(NiO2)4,0.0
Cu11Sb4S13,0.0
YbCe2CuS5,1.37
TeI,1.1
TmGe,0.0
Li3Mn(NiO3)2,0.0
GdO2,0.0
Tl(WO3)3,0.0
SmCoC2,0.0
Ce2GeSe5,1.7
Pr2HgPb,0.0
CuBiSO,1.07
La3Mg0.5Sn1S14,1.71
LaGeI,0.0
Tl2PAuS4,2.2
Rb2Cu2Sb2S5,1.6
KP(HO2)2,6.95
NdMgNi4,0.0
Sr4V2(Se2O7)3,2.66
EuSn3,0.0
LiMo3O8,0.0
Ge0.2Te0.2Pb0.8Se0.8,0.36
Sc3C4,0.0
Pr4MgRu,0.0
EuSb4Te7,0.54
Sc14Cu14O37,0.0
ThFe2SiC,0.0
Ge0.05Te1Pb0.95,0.34
MoSe2,1.6
Dy(CuSe)3,0.2
Li2Ni3TeO8,0.0
Y2ReB6,0.0
RbAgF3,0.0
AgP15,1.47
Cd0.05In0.95Te0.05As0.95,0.68
Sm4In21Pd10,0.0
MnAs,0.0
CsYbCoSe3,0.95
NaIrPb,0.0
SrIn4Pt,0.0
Y2U3O11,0.0
Ba8Al10B12O41,3.1
GdB6,3.6
Li4TiCr3O8,0.0
Si0.109Ge0.891,1.13
Li12Fe5O16,0.0
Ba3Ta5NO14,2.8
Li4WO5,0.0
HgS,2.1
Na2In5Au6,0.0
Cu4Sn7S16,0.8
Ce3LuSe6,1.1
Li2Ga(GeSe3)2,2.64
Zn3(PS4)2,3.07
Cs5Mo21Se23,0.0
Ta4AlC3,0.0
ScTlTe2,0.85
LaGaO3,4.4
Hg3Sb,0.0
Ti13S24,0.0
YbCe2CuSe5,1.05
Te4MoW3S4,0.0
CeMoO4F,2.52
Mg(SnO2)4,0.0
Bi2Te1.5Se1.5,0.29
Y2Mo2O7,0.0
Cs4Ge5(PbS4)4,1.95
Eu1.75Ag0.5Ge1S4,2.14
Ce(CoAs)2,0.0
Ga1.65Cu0.35S2.65,2.53
Tl4In3GaS8,2.63
ReIr3,0.0
Zn0.01Ga0.99As0.99Se0.01,1.39
SrCd,0.0
CsEuF3,0.0
YCoO3,0.0
Er2Mg3Ru,0.0
ScZn2,0.0
LiIn2Rh,0.0
BeO,10.39
Si(Bi3O5)4,3.2
Li2PrP2,0.0
ZnSb3,0.0
TbTl,0.0
Li3Mn4O8,0.0
Ta6Ni16Ge7,0.0
La2V2IO9,3.63
NaTl,0.0
Nd(GePt)2,0.0
Li2U(MoO5)2,0.0
Y2Ge5Ir3,0.0
Li3Mn2CuO6,0.0
Te2Pd3,0.0
Lu2AgAu,0.0
Ca2ZnRh,0.0
TmAlCu,0.0
Ba2GaBiSe5,2.21
Ho(CuO2)2,0.0
U11O5,0.0
Gd3(AlNi3)2,0.0
Sm4U4O17,0.0
Zr5Sb3,0.0
Li8IrO6,0.0
MgTl,0.0
Cd0.6Hg0.4Se1,0.7
MgInPd2,0.0
Hf5Pb,0.0
Li3AlP2,2.75
Pr2Ir2O7,0.0
Al6Ru,0.0
Cd0.1In0.9Te0.1As0.9,0.69
Ce3AlC,0.0
CsPSe6,1.9
Li2CrCuO4,0.0
CeSi2Pt,0.0
Er3Al3NiGe2,0.0
TcSe2,0.88
K2Cd3Se4,2.36
SnB,0.0
Gd3Co11B4,0.0
Tl16O15F17,0.0
TlBiTe2,0.12
B4C,1.64
CeAgSn,0.0
KSm2CuS4,2.17
Mn2VSi,0.0
TlS2,1.8
Ir0.67S2,2.0
LaBeB3O7,5.65
NaY(Te2O5)2,3.9
Rb2Cd3Se4,2.37
Tl2TeBr6,2.06
Ba(SnO2)4,0.0
BaTl(MoO3)2,0.0
Y(AlSi)2,0.0
BaYb2O4,0.0
Rb2VAgS4,1.83
Eu(ZnSi)2,0.0
SnAs3,0.0
Yb(AlGe)2,0.0
BaGa2GeS6,3.23
Li8Ti16CuS32,0.0
Sn3WO6,2.49
Ce1Mn0.5Se1O1,2.01
Al13Ru4,0.0
TlGaS2,3.4
TmMgAg2,0.0
ErTlPd,0.0
Li13Nb14ZnO42,0.0
Li4Ni2(PO4)3,0.0
KAlGeS4,3.5
SmCuSi,0.0
UCuP2,0.0
LiCo7O7F,0.0
RbAg2TeS6,2.04
GaP,2.74
Li(NiO2)4,0.0
DyZrSb,0.0
TmB2C,0.0
Te2Pd3Pb2,0.0
La2In,0.0
Ge0.1Te1Pb0.9,0.35
NdMg2Ni9,0.0
KBiS2,0.86
Sc2(PO4)3,0.0
Li4Mn5Nb3O16,0.0
Pb1Se0.9S0.1,0.27
Cd(In15Te23)2,1.17
TiCoGe,0.0
Ni7(P2O7)4,0.0
Zn0.9Ga0.1As0.1Se0.9,2.34
TaF3,0.0
CsZn4In5Te12,1.61
Ga1.002Sb0.998Te0.006,0.7
Cd(PS2)2,3.76
Ga2HgS4,2.79
KNb3(TeO6)2,3.52
Rb2Mo9Se10,0.0
InFe2CuSe4,0.0
V3Pb2Se5O18,3.14
Ni2Mo4C,0.0
In1Sb0.4As0.6,0.1
Li2EuSn,0.0
Ba2B4H2O9,5.12
BiBPbO4,3.2
Li7(NiO2)11,0.0
Bi2Te2SO10,3.6
TaBe2,0.0
Tm2MgRu,0.0
Li2In2SiSe6,2.54
Sb2Os,0.2
TiTlPS5,1.3
Cr4As3,0.0
Dy2S3,2.91
Ho(SiOs)2,0.0
EuPPt,0.0
Ba3FeS4Br,1.65
U2Ti,0.0
Ce3Al,0.0
Li23(MnAs)20,0.0
Hf2Al3C4,0.0
EuTl,0.0
NaCd2Au,0.0
ErBiW2O9,3.26
Pr2Co12P7,0.0
Hf2Co4P3,0.0
CsCaO3,0.0
La2Ga2GeS8,2.78
LiV2NiO6,0.0
Rb2Hg(PSe3)2,2.32
Si0.347Ge0.653,1.91
TbSe2,0.0
InAgTe2,0.93
TaAs,0.0
Ga3CuTe5,1.09
Ba5(Ga2Se5)2,2.2
Ba2Cd(BO2)6,4.59
Sn0.99Te1Pb0.01,0.26
TiBr2,0.0
Sm5Br11,0.0
ScTa2NO5,2.67
SrIn2Ir,0.0
Sb8I2O11,2.72
KLi(WO3)3,0.0
Co3H,0.0
V3SiNi2,0.0
Na3Re,0.0
Ca11Bi10,0.0
Dy1Te1.45,0.6
CeHSe,0.0
Li2In2SiS6,3.61
RhSe2,0.6
CuP2(HO3)2,0.0
Ba2GaSe4,1.63
Ta4N5,0.0
LiTm2Rh,0.0
Al0.6In0.4P1,2.3
Cr10Sb3Te7,0.0
TlCr5(Se3S)2,0.75
Tm3(GePd)4,0.0
Zr3Ag,0.0
CuMoO4,0.0
Pm2PtAu,0.0
Y2Ru2O7,0.0
CsInSe2,2.81
Li3Si3Ag2,0.0
Ba8Sn4S15,2.31
Ti3Cu3O,0.0
Cr3P,0.0
Gd1Mn1.95In1.05S5,1.66
Rb2Cd(PSe3)2,2.58
BaGe4(IrSe3)2,1.33
Mg5Ti13O30,0.0
NdSn2,0.0
Li2NdAs2,0.0
LuNiBC,0.0
V2Si2O7,0.0
CrH9(CN2)3,0.0
Y3Fe29,0.0
Si0.03Ge0.97,0.67
Te0.99Pb1Se0.01,0.3
EuBiW2O9,3.63
LiAgF3,0.0
Ge40Te5.3I8,0.8
AlAgS2,3.13
ScBe5,0.0
RbCd4In5Se12,1.57
MgInAg2,0.0
Sm(SiAg)2,0.0
YbSnRh,0.0
AsRuS,1.2
LuCdAg2,0.0
La2ZrS5,2.01
HfFe2,0.0
KAgAsS2,2.21
Zr1.86Cu1S4,1.26
U2Cu2As3O,0.0
Tm5Ti5O17,0.0
Ga0.07Te1Pb0.93,0.34
Tb(InS2)3,1.2
BaGe3Pt,0.0
In1.7Cu0.3Se2.7,1.21
LiTa3(BiO3)4,3.5
Na2Si2Hg3S8,2.86
La2YbCuS5,1.45
Tb6PbSe10,0.0
In2Pt,0.0
CsCd4Ga5Se12,2.21
CrB2(PbO2)6,1.8
Ce1.3Lu0.7S3,1.25
Ba2ScTaO6,4.19
BaIn2Ir,0.0
Ga1.05Sb0.95Se0.15,0.66
Nd(AsPd)2,0.0
TeSe,1.58
BeGaO3,0.0
Fe2B(PO4)3,3.52
PSe,2.5
SrPbO3,1.78
FeAsSe,0.6
H7Se2NO6,4.81
CuSeO3,0.0
MgPt5,0.0
Ba(ZnAs)2,0.23
K1.46Sn3.09Bi7.45Se15,0.39
MgTi11O20,0.0
CeO2,3.41
Ti9O10,0.0
Li2PrIn,0.0
Cs2Th(PS3)3,2.8
Ag7(SI)2,0.0
KInSe2,2.68
KHg,0.0
ThU8O18,0.0
BaGa4S7,3.54
Ga1.005Sb0.995Se0.015,0.64
Rb2FeI4,0.0
Nd2S3,2.65
Yb2Ge2Ir,0.0
Zn0.6Ga0.4As0.4Se0.6,1.8
ScCuO2,3.3
Sn0.01Te1Pb0.99,0.23
VNi2,0.0
InBi2Se4Br,1.21
Ti3Pt5,0.0
ZrRe2,0.0
YbCdHg2,0.0
Ti5Zn4(TeO6)3,0.0
K2TeI6,1.38
Tb(CuSe)3,0.16
Hf5Sn4,0.0
P2Se3,2.4
TmAu2,0.0
Ca2CdAs2,0.95
NaSb,0.82
MnSe,2.5
LiHoO3,0.0
Ga2PbS4,2.38
HgCl2,4.45
K2Hg(PSe3)2,2.25
Ca2PbAu2,0.0
BaDy2CuO5,0.0
Ca2MnAlO5,0.0
NiGePt2,0.0
Zr6Al2Ni,0.0
TaAl3,0.0
NdScGe,0.0
Al2Ru,0.0
ScCdHg2,0.0
NaIn(IO3)4,4.25
HoMgAu2,0.0
Zn0.94Hg0.06Te1,2.03
Te4Mo(WS)2,0.0
BaCaB2O5,5.6
Nd2ZnGa,0.0
La16Mn15O48,0.0
LiH3(SeO3)2,4.9
SiP2,1.89
Mn3V2(SiO4)3,0.0
Si0.001Ge0.999,0.65
Ca2Si,1.9
Ni2Mo4N,0.0
Cd8B5O15F,3.14
Te0.5Se0.5,1.0
NaH3(SeO3)2,4.9
Cd0.2In2.4Ag0.4Te4,0.42
U2MnN3,0.0
EuF3,0.0
Tb(CuTe)3,0.46
BaZnGeSe4,2.46
MgNiSb,0.0
TiReN3,0.0
Y2Ge2O7,0.0
Er2MnC4,0.0
Cu15Si4,0.0
Na2Tl,0.0
Na2Ga2GeS6,3.29
Na19Zr11S30,0.0
Sr10Al4Si6O,0.0
TaTiFe2,0.0
Ti6H2O13,3.4
Li3Fe(CoO2)4,0.0
Cs3Li4(BO2)7,6.53
ReCl4,0.0
Dy2Ni12P7,0.0
BaGe4(IrS3)2,1.54
Eu2SnSe5,1.07
Ta3P,0.0
SmPbAu,0.0
Ge2Os,0.0
GaBi,0.1
Lu3TlC,0.0
Yb2EuSe4,1.3
InSb2S4Cl,1.8
Ba3Ag2(SnS4)2,2.37
Ce3Ta(ClO2)3,0.0
KTm,0.0
Ti(Bi3O5)4,3.09
KGaSnSe4,1.73
Zr3Al2,0.0
TbCo2,0.0
AlVCo2,0.0
In2Hg6(P2Cl3)3,3.13
Hf(CuP)2,0.0
Cs3As,0.6
NdIn5Rh,0.0
Li3(CuO)4,0.0
TbIn2Ni,0.0
Cd3AgPS6,2.56
Li3Ni3(PO4)4,0.0
Al0.3Ga0.7As1,1.81
RbY(TeO3)2,3.6
Ga1As0.4P0.6,2.1
BePd2,0.0
CsSbTe2,0.43
Rb3Al3Ge7S20,3.1
BPb7Br3O7,2.62
V3As2O9,0.76
Nb3Ru,0.0
CsGe5BO12,4.89
Al0.4Ga0.6P1,2.35
La(SiOs)2,0.0
Ce8Sb2S15,1.99
AgF,2.8
Be3Sb2,0.67
ZrInPd2,0.0
HfTl3,0.0
SbTeI,1.25
CsSmCdSe3,2.45
BaCu2SnSe4,0.48
CuBi(PSe3)2,1.2
ZrAlPt,0.0
VFeRu2,0.0
Ca(BIr)2,0.0
DyInCu2,0.0
Na2Zn(SnS3)2,2.93
Tl6Cu(TeO5)2,2.3
Ba3CaRu2O9,0.0
RbCuSnSe3,1.04
GePb2(SeO3)4,4.1
Hg8Bi3As4Cl13,2.43
K4GeS4,0.8
Sc(GaFe)6,0.0
Gd3Al0.74Si0.7S7,2.34
SmBPd3,0.0
TlGaTe2,1.8
TiI,0.0
LiTmSn,0.0
Ba7B3O9F5,4.94
Mg2MnN2,0.0
Y6Zn(SiS7)2,2.38
Dy2(GePt3)3,0.0
CrFe2Sb,0.0
NiN,0.0
Bi7O5F11,4.05
Ca4Al3O10,0.0
K4Hf3Se14,2.02
Sr2ZnReO6,0.0
Ti20(Sb3Se)3,0.0
LiMnO2,0.0
DyAs,1.0
RbMnTe2,0.0
MgSnRh2,0.0
CuN3,4.17
Ba2GdGaTe5,1.12
Ti2Cd,0.0
CsTaPSe6,2.29
RbTiBr3,0.0
Al21Pt8,0.0
Ce2Fe(SeO)2,0.64
Eu3P2,1.2
Y(TiGa2)2,0.0
CsIrO3,0.0
CsCu2SbS3,1.63
Ba2YGaSe5,2.31
Hf(VGa2)2,0.0
LaCdAg2,0.0
Gd(InS2)3,1.13
K2NbO6,0.0
Ba2CeInTe5,1.35
Sr(CeSe2)2,0.0
KFe2BiO5,1.76
MnO,3.6
NaLa2TaO6,4.5
Sc3PbC,0.0
KTbSe4,1.65
SmNiAs,0.0
Hf5Si4,0.0
Sr0.5Ta1O3,3.7
CsYTe3O8,3.4
Sn0.08Pb0.92Se1,0.06
YAlPd,0.0
Li4Co2Ni3O10,0.0
In1.05Cu0.95Se2.05,1.07
LiCd2Rh,0.0
Hg3As,0.0
PrTmTl2,0.0
AgBr,2.52
LaP,0.54
CuBiPbS3,0.12
SrMgSnSe4,2.0
Bi0.2Sb1.8Te3,0.28
Y2C3,0.0
Bi2Mo2Se2O13,3.15
LiSnAu,0.0
RbHgSbTe3,0.2
ZrIr2,0.0
Pb1Se0.95S0.05,0.26
LaMg2H7Pd,1.0
Ho(BiO3)2,0.0
Li3Mn2(CoO4)2,0.0
In2As2Cl2O5,4.62
Na4Mg(GeSe3)2,2.53
Rb3Sm,0.0
K3Cr2(PS4)3,1.35
Sm4Al23Ni6,0.0
Mg(FeS2)2,0.0
Ba2UCuO6,0.0
Ho3AlC,0.0
BaSn2S5,2.35
KNb2O5,0.0
KAg2SbS4,2.2
TmBPd3,0.0
ZrGe2,0.0
SrCuBi,0.0
Mn7O7F,0.0
Sc5Pb3,0.0
Bi1.4Sb0.6Te3,0.17
Er2Fe14B,0.0
TiCoSn,0.0
TlCr5Se7S,0.71
Tl2Cu2SnS4,1.4
Li3V4NiO12,0.0
Bi2Te0.03Se2.97,0.27
Ta2TlO6,0.0
NaBiSe2,0.28
Eu2(Ga3Rh)3,0.0
EuSe,3.1
HgPt3,0.0
SmB(SbO4)2,3.54
Zn0.7Ga0.3P0.3Se0.7,2.15
In1.6Ga0.4Cu1S3.5,1.55
Nd(SiIr)2,0.0
Na8(CuO2)5,0.0
In4Cu2Te7,1.1
CaMg2N2,3.25
SmSnTe2,0.52
Ga1.005Sb0.995Te0.015,0.68
LiMn2(PO4)2,0.0
Rb7Th2(P2Se7)3,2.07
BaGe4(RhSe3)2,1.09
TiPO4,0.0
PdS,0.5
SmCuSe2,2.1
Tl8Os8O27,0.0
La3(ReO5)2,0.0
ThIr5,0.0
Sn3Pd,0.0
TiHgO3,0.0
Sn0.28Te0.28Pb0.72Se0.72,0.12
MnSi,0.6
Pr2Au,0.0
Li3MnAs2,0.0
NdSnRh,0.0
Er(CrSi)2,0.0
In0.99Ga0.01As0.01P0.99,1.3
Gd(CuSe)3,0.14
Pr6Fe13Si,0.0
YCdPd2,0.0
YSbPd,0.27
La2GeSe5,1.24
HoMg2,0.0
Ca11Ga7,0.0
AlNi2,0.0
HfB,0.0
Sm(MnGe)2,0.0
BiSCl,1.89
Hf3Sb,0.0
KBi2,0.0
Hf5Sn3,0.0
KSb(SO4)2,4.64
La2Ga0.33Sb1S5,1.76
Rb15Hg16,0.0
ReOsRu,0.0
TiTe2,1.0
Sc2FeB2Ir5,0.0
HoC2,0.0
Hf2Si,0.0
TlHg6S4Br5,3.03
Al2CrS4,0.0
Sr2V2(SeO5)3,2.96
Li3Mn3NiO8,0.0
KBi3S5,1.21
Sn0.07Pb0.93Se1,0.08
Nb2Tl3CuSe12,0.8
Ba4Nb14O23,0.0
Tb3(MnC3)2,0.0
Eu2TeO2,0.0
ScBPd3,0.0
Cs2Cd(PSe3)2,2.63
Sm(BOs)2,0.0
CdAsPd5,0.0
Li6Tb2O7,0.0
Bi2Pd3S2,0.0
CsH3(SeO3)2,4.77
BaEu2Mn2O7,0.0
Te2Mo3Se4,0.0
InAgO2,4.2
Dy1Te1.4,0.6
EuSb4S7,0.98
Fe12As5,0.0
VZnRu2,0.0
KYbSe2,0.0
PrMoO4F,3.64
UP2S7,1.41
Zr6NiCl15,0.0
Gd6Ge2.5S14,2.2
CsLi(B3O5)2,6.89
Mo2NCl8,0.0
ZrSi2,0.0
Sn0.001Pb0.999Se1,0.24
Yb(AlSi)2,0.0
SrIn4Ir,0.0
Al2Se3,3.1
Al2Cu,0.0
SbTeOs,0.05
PrIr2,0.0
Cd0.8In2.1Ag0.1Te4,0.29
Ga1As0.8P0.2,1.62
Ba5Ga6GeP12,1.39
Cs2Cu2Sb2S5,1.6
Ga1As0.99P0.01,1.37
Ce2Se3,1.75
Ti2ZnS4,0.0
Sr2CoReO6,0.0
Li2MnCu3O8,0.0
Li5Mn5(SbO6)2,0.0
CeMgNi4,0.0
Gd2O3,5.3
RbCaBO3,3.67
Pr3Cd,0.0
Tl2S,1.0
LuU2S3O2,0.0
RhSeS,0.7
Cd0.5In2.25Ag0.25Te4,0.39
Pm3I,0.0
K2PAuS4,2.63
Ga1Sb0.01As0.99,0.7
Ce2Ge2Se7,1.1
CoPS,0.4
In1Sb0.5As0.5,0.1
SrIn2,0.0
U3Cu2Se7,0.0
Ta2PtSe7,0.0
Co7Mo6,0.0
Co(WO4)2,0.0
Nd2HfS5,0.7
Hf3Zn3N,0.0
SbSBr,2.17
Ba2GdInSe5,2.24
LiYbPb,0.0
CuF,0.0
AsS3,2.35
Pr(MnSi)2,0.0
BeSiOs2,0.0
ZrS2,2.75
YScO2,0.0
LiCaO3,0.0
LiZnN,1.91
SiBi3O7,0.0
Nd5Ge4,0.0
Hf3(CuSi)4,0.0
CoMoP2,0.0
Bi0.4Te0.6Pb0.8Se0.8,0.22
Yb(SiAg)2,0.0
TmPd,0.0
LaInS2O,2.73
CdBiClO2,3.08
HoInAu2,0.0
AlCu3,0.0
VCu3(PO4)4,0.0
PrGe5,0.0
NaFe2O3,0.0
Ca(BC)2,0.0
NiGe,0.0
Cu2WSe4,1.65
In2S3,2.0
Ga1.1Cu0.9Se2.1,1.59
Ba(GaS2)2,4.13
Ag0.5Ge1Pb1.75Se4,1.51
Re3As7,0.0
Sr2YReO6,0.0
Cs2AgBiBr6,2.19
Mn(SbO2)2,2.65
Li8PrO6,0.0
V4ZnO8,0.0
SmCo2,0.0
LiCa2Mg,0.0
Rb2SCl6F,0.0
InSiIr,0.0
Te0.05Pb1Se0.95,0.26
Rh3Pb,0.0
LuAl2Pd5,0.0
Sr3Eu(PO4)3,3.99
Sc3GaC,0.0
HoTlPd,0.0
LiSiRh2,0.0
BaPrO3,2.0
CaZn2,0.0
CdAg2(PS3)2,2.49
Cs2TeI6,1.5
Ce3B2(ClO2)3,0.0
ScZn3,0.0
Na0.5Ge1Pb1.75S4,2.08
Li3GaTe4O11,3.85
FeCuSe2,0.15
Li2DyIn,0.0
Ga1Sb0.14As0.86,0.66
NbAg2(PS4)2,2.02
NaFe2(SiO3)4,0.0
Ga0.9Hg0.1Sb0.9Te0.1,0.65
Cd0.204Hg0.796Te1,0.06
Zn0.1Ga0.9Sb0.9Te0.1,1.0
Ti4NiBi2,0.0
SrIn2Rh,0.0
Zr5Al3,0.0
K11Mn4O16,0.0
Ce4(GeS4)3,2.3
Yb3Al5O12,0.0
Al0.1Cd0.9Sb0.1Te0.9,1.36
Mg2RhAu,0.0
Lu2O3,5.5
MgScAg2,0.0
NaCd4P3,1.1
V2TcRu,0.0
FeAg3(CN)6,0.0
Cu9Se4(Cl3O7)2,0.0
YbIr2,0.0
PRuS,1.4
CsLiCO3,6.19
LiHfPd2,0.0
Li2ZnSnS4,2.87
La5In3(S3O)3,2.6
NaCeS3,2.15
ErCu,0.0
AlPd5I2,0.0
RbIn4,0.0
Sr5Sn3,0.0
Ba2CaReO6,0.0
LiY(CuP)2,0.0
ReO3,2.3
CaMnSn,0.0
ThRu3C,0.0
TlAgSe2,0.72
Ho3Ge5,0.0
Ge0.05Te0.95Pb0.95S0.05,0.4
ZnTc,2.37
Ho4C7,0.0
Dy4CdRh,0.0
La3LuSe6,1.26
Lu2CdAg,0.0
BaReH9,3.44
Eu(SbSe2)2,0.95
Sr2SmTaO6,3.38
Si2Ni6B,0.0
HfAsRh,0.0
Pr2GeSe5,1.8
NdTe2,0.48
VAg(PSe3)2,0.0
Eu(POs)2,0.0
Tl0.04Te1Pb0.96,0.57
ScIr,0.0
HoZnRh2,0.0
La3ZrSb5,0.0
Ta2Nb3O12,0.0
La20Cu9O40,0.0
TaNiB2,0.0
Yb(SiRh)2,0.0
Ta2O5,4.2
Ca3La2(SnS4)3,1.45
ZrTi2O,0.0
YTiO3,0.0
TiFe2Sb,0.0
NdNiC2,0.0
Sc11(AlGe4)2,0.0
Li3FeS3,0.0
Sb2Te,0.0
Th3B2C3,0.0
YbCuSi,0.0
GdInIr,0.0
Yb6U3O17,0.0
MgSbPt,0.0
K0.8Sn2Hg1.2S8,2.78
BaCaSn3,0.0
CaInAu,0.0
Na10(Ga2Sn)3,0.0
Ba2SnSe5,1.8
RbInS2,3.3
Zr2(Co7B2)3,0.0
Ba3NaIr2O9,0.0
LaGa3Pd2,0.0
YB2C,0.0
TeWCl9,0.0
Si0.0645Ge0.9355,1.04
In2FeSe4,1.15
Na4Eu(GeS3)2,2.15
Tl9SbSe6,0.0
BaHgS2,1.93
Sm4InSbS9,2.13
Zn2MoSeO7,4.2
Pr9(SbO)5,0.0
K2Ti(CuS2)2,2.04
EuAl2O4,2.74
CuBiPbSe3,0.07
LiTlPd2,0.0
GdB(SbO4)2,3.48
TbCu5,0.0
Rb3Cd(BO2)5,2.34
Fe4H15(IO8)3,2.3
Ce(HO)3,0.0
LiInS2,3.56
LiSbTe2,0.13
FeRhO3,0.0
Yb2EuS4,1.6
Ga1.01Cu0.99Se2.01,1.59
RbInSnS4,2.7
PrLuIn2,0.0
YbIn4Rh,0.0
Ta11(CuO15)2,2.59
RbBa2(PO3)5,7.6
Nd(InS2)3,1.15
Sb6Pb6Se17,0.8
Li2PmAl,0.0
BaLi4,0.0
Ta2OsW,0.0
UFeSi,0.0
Zr1.33Ta0.67N1.97O1.38,2.31
Zr5Sn4,0.0
Mg2CrN2,0.0
Gd(SiRu)2,0.0
Lu2MgHg,0.0
YSiNi,0.0
EuAgSb,0.0
VGa(TeO4)2,3.0
Er2Te3,0.9
Li2FeWO6,0.0
Y4GaSbS9,2.06
Cd3Bi2,0.2
Ti4ZnO8,0.0
Eu(ErSe2)2,1.7
Na3Mn2(GeO4)3,0.0
Li4V5Cu3O16,0.0
RbPdF3,0.0
Sm4GaSbS9,2.23
AsOsS,1.3
MgCuSn,0.0
Nd2(SnSe3)3,0.5
Cd0.7Hg0.3Se1,0.55
In1Ga1Cu1S3.5,1.84
Mg(CoS2)2,0.0
Li3Cu4NiO8,0.0
Pr2Se3,1.8
MnGeRh2,0.0
K3V,0.0
YIn2Ni,0.0
Ba2ScIrO6,0.0
Cs(AsRu)2,0.0
Dy4Te3S4,1.43
Ce3MoO7,2.0
Ga1.01Sb0.99Se0.03,0.62
U4S3,0.0
LiCu2(CO3)2,0.0
U(CuP)2,0.0
In(MoSe)3,0.0
Nd(CoSi)2,0.0
Sb2PbSe4,1.8
CeAl2Pt3,0.0
La8Mn7O24,0.0
Yb2Ce8O19,0.0
Yb(Al2Mo)2,0.0
TlTeP,0.3
BaZnSO,3.9
CaYbInSe4,0.0
Nd2Fe14B,0.0
Tm3GaC,0.0
ZrCrSi2,0.0
K(OsO3)2,0.0
Mg3Ge,0.0
Li4.5Fe0.5Te1O6,3.25
La4Co3O10,0.0
CeCoGeH,0.0
K(CoSe)2,0.0
KCu3S2,1.46
LuScRh2,0.0
CaZn3,0.0
Bi8Te7S5,0.4
SnSb3(PO4)4,0.0
ZnCu2SnTe4,1.39
Hf4Co4Si7,0.0
In1.1Cu0.9Se2.1,1.06
Li11Mn13O32,0.0
K2Cd(PSe3)2,2.58
CeAlSi2,0.0
LuAu,0.0
Ag2GeSe3,0.9
LiBi3(ClO2)2,3.35
Te2MoWS2,0.0
Sc6NiTe2,0.0
Zn0.95Ga0.05P0.05Se0.95,2.4
Li2Ti3FeO8,0.0
NdBRh3,0.0
U(CrC)4,0.0
BaYbSn3,0.0
RbMoPO6,2.96
Ce2(SnSe3)3,0.3
La3Ge3Br2,0.0
DyZnRh2,0.0
Bi4Pd(SeO3)4,2.06
Sn0.1Te1Pb0.9,0.16
K2In3AgSe6,1.64
Dy2Ti3Si4,0.0
Mg3(Ni10P3)2,0.0
Ni23B6,0.0
EuRhO3,0.0
CeSiI,0.0
TbTe,0.0
V2Cd2Te2O11,2.48
As2O3,4.0
Sr3(AlSn)2,0.0
GaAgO2,2.2
K2Hg3(GeS4)2,2.64
Rb3Ta2AsS11,2.21
Zn3Cu,0.0
Yb(IO3)3,0.0
TmTl,0.0
TbSb2,0.0
ThTeO,1.45
Zr2CuS4,0.0
Tb2In16Pt7,0.0
CsInI3,0.0
LiInSnS4,2.3
CaB6,4.5
Tm2Ga10Os3,0.0
W2C,0.0
KHg2,0.0
Cu3Pd,0.0
TbHg2,0.0
Rb5(W4O15)2,0.0
LiTi11O20,0.0
ScSbRu2,0.0
In1Hg4As2.5Br3.5,1.71
Tl3Ir,0.0
AsPRu,0.8
VTc,0.0
YbMn2O5,0.0
LiF,11.7
BaSnO3,3.1
BH(PbO2)2,3.76
ZnSiP2,2.07
Li8GeN4,2.61
Ga1As0.6P0.4,1.91
ThMn4(CuO4)3,0.0
HfAs2,0.0
LiGaPd2,0.0
LiGaAu2,0.0
Al0.5Ga0.5As1,2.12
Li4.5Al0.5Te1O6,4.9
Li2MnO2F,0.0
Lu2TlCu3Se5,2.12
Li9Fe3(WO4)7,0.0
AlAgO2,3.6
SrBiClO2,3.52
Sr(Sb3Ru)4,0.0
Pr4Sb3,0.0
SmInAu,0.0
Cs3Bi2I9,1.8
LaSi2,0.19
Si2Ru,0.0
Rb5Tl3O,0.0
TlN3,3.58
Ge2Sb2Te5,0.5
SnSe2,1.62
Tm2ZnOs,0.0
Sn0.15Te0.15Pb0.85Se0.85,0.18
RbPSe6,2.18
LaAl4Co,0.0
Ba2SmInTe5,1.36
Sr3ScNiO6,0.0
Ba2LiFe2N3,0.0
Zn0.99Ga0.01As0.01Se0.99,2.59
Li8BiS6,0.0
In2B(PO4)3,5.39
As2S5,2.48
Ho(InS2)3,1.23
MgIn3,0.0
ZrTiF6,0.0
Li6Fe9CoO20,0.0
PrIn,0.0
MgMnO3,0.0
Th(Al5Fe)2,0.0
Ba2DyInSe5,2.27
Li2YbPb,0.0
Ba2BiSbO6,0.0
Mn2Nb,0.0
BaNa2SnSe4,2.46
Cs3Sn3Cl7F2,2.96
CaZn3Ni2,0.0
GdZnIn,0.0
Cd1Se0.2S0.8,2.23
TmCdAg2,0.0
Tm(NiGe)2,0.0
Th2GeSe2,1.98
Na(GeP)3,2.06
ZnSb2MoO7,3.3
Si0.98Ge0.02,1.08
Fe2S,0.0
Ga0.001Te1Pb0.999,0.3
Ba6Al4B14O33,3.44
Tl2CdTe4,0.0
CaNi5,0.0
Eu(MnGe)2,0.0
TiCoSb,0.95
PmMgRh2,0.0
Ba3Cd(SnS4)2,2.75
TbWClO4,4.24
Pr4Te7,0.46
TiGaIr2,0.0
K2Sn3(SbS5)2,2.3
LaZnAsO,1.5
Mg2Ge,1.67
Rb2Sn2Hg3S8,2.48
In1Sb0.99As0.01,0.35
SrS,4.76
Ba2NdGaSe5,2.18
V6AgO15,0.0
AlCuS2,3.5
LiBi2(PO4)3,0.0
Gd2AlCo2,0.0
ZrAlRu2,0.0
Cd(GaS2)2,3.4
MnTePd,0.0
KYb2F7,0.0
Cr2O3,3.4
Li3(CuO2)2,0.0
La2HfS5,0.7
DyAg,0.0
NdCu3(RuO3)4,0.0
LiPm2Ir,0.0
K2Cd2Te3,1.93
In0.1Ga0.9As0.9P0.1,1.6
K2S,2.1
CdF2,6.0
LaRe2Ag,0.0
VIn(NiO3)2,1.92
Nb2Cr4Si5,0.0
Li4Fe7(OF7)2,0.0
Tb2AlCo2,0.0
Li2CdGe,0.99
TaW3,0.0
SrSnP,0.0
Ho(SbO3)2,0.0
Ba3Nb2CoO9,0.0
Hg3PS3,1.98
Re2RuBr,0.0
YbB66,1.27
Cs2DyCu3Te4,1.38
Ga1As0.2P0.8,2.2
Eu2C(NO)2,0.0
U2AlCo3,0.0
SrZr2Nb,0.0
Ce(SiAu)2,0.0
In2Co,0.0
RbNb4Br11,0.46
Li7Ti7O16,0.0
Li4Mn3Cr3O12,0.0
RbSbTe2,0.38
ZrNiSb,0.55
Cs2Ga2Se5,1.95
YbGeRh,0.0
Ga1.001Sb0.999Se0.003,0.71
Zn0.99Hg0.01Se1,2.6
Ba(InS2)2,3.06
LiMgAs,0.7
Li2SnIr,0.0
HfNi5,0.0
Ag3AsO4,0.0
Ge(Bi3O5)4,3.25
CaPd3C,0.0
Cu25Se26,0.0
Al6Tc,0.0
CaMgSn,0.0
CrCoPt2,0.0
Ga1.002Sb0.998Se0.006,0.7
CoP3,0.45
Zr4Co4Ge7,0.0
Nd2CdIn,0.0
Si0.226Ge0.774,1.5
Ru3Cl,0.0
Ce5(SiN3)3,0.0
HfHg4(PCl3)2,3.26
KAgF3,0.0
Li4MgNi3O8,0.0
RbCu2AsS3,1.96
YTmCu2,0.0
Zn3N2,0.0
AgBiPbS3,1.2
Gd3S4,0.0
CsTbZnTe3,2.12
RbNa2Sb,1.0
Sn1Se0.2S0.8,1.03
Sc8Te3,0.0
Al2(CuSe2)3,0.0
Tm(CoSi)2,0.0
Sm2S3,2.96
PrNiGe2,0.0
Mg32Al36Ag13,0.0
Li2CuF6,0.0
KCd4Ga5Se12,2.16
GeP,0.95
Gd3.04Sc0.96S6,1.5
PrSm3,0.0
CsWCl6,0.0
Mn5As4,0.0
In1Sb0.1As0.9,0.14
NaC,0.0
MgCuSb,0.0
TiAlAu2,0.0
ScCoGe2,0.0
Yb4Sb2S11.25,1.71
RbCd13,0.0
Mn3Cr3(TeO8)2,0.0
As2Ir,1.0
Zn0.9Hg0.1Se1,1.75
V3(HO2)4,0.0
SrGe2,0.9
Sn0.25Te1Pb0.75,0.04
Ba7Ga5AgS15,2.6
Mn3PdN,0.0
K6CdTe4,2.51
Ce2Sb,0.0
K2VAgS4,1.85
Cd1Se0.99S0.01,1.68
MnInCu2,0.0
Sm2TlZn,0.0
DyInPt2,0.0
Be22Re,0.0
SrMnGe,0.0
Cd0.99Hg0.01Se1,0.29
BaAu2,0.0
Bi0.4Sb1.6Te3,0.21
CdHg4(AsI2)2,1.45
K2ReH9,5.71
Er(InS2)3,1.28
Ti2AlV,0.0
Na2LiTa,0.0
BaNa2GeSe4,2.25
SmCuSO,2.9
EuN,1.25
Rb3Bi2Br9,2.62
Hf2Tl,0.0
CeTlZn,0.0
Yb(CuSe)3,0.2
ScSbPd,0.23
HoSb2,0.0
ZrRu3C,0.0
Zr5Al3C,0.0
CsEr9(Cd2Se9)2,2.09
BaSi2,1.3
ErHg2,0.0
Ag8SnSe6,0.71
Eu2Se3,1.02
Ba2SmTaO6,3.02
Pr4InSbSe9,1.89
Sr2YBi2O7,0.0
Cd1Se0.45S0.55,2.05
Co7Re17O48,0.0
V2(OF)3,0.0
EuSnTe2,0.6
Zn0.42Ga0.58As0.58Se0.42,1.67
Si0.7Ge0.3,1.0
Cr2NiS4,0.0
Sr6Nb7O21,0.0
CaHg2,0.0
Te2Ru,0.25
Cs(MoO3)3,0.0
NbRu2Cl,0.0
In0.001Te1Pb0.999,0.3
Re3P4,0.0
KSnAuS3,2.3
TlCr5S8,1.01
Ti2CoGe,0.0
Na2Ge2Se5,2.38
ZrNiSn,0.0
CdAg2GeS4,2.32
Dy4GaSbS9,2.58
Zn0.2Ga0.8Sb0.8Te0.2,1.15
LaHg,0.0
Cu18S11,0.0
CoAsS,0.6
In0.5Ga0.5P1,1.9
Tb3ReO7,0.0
Ta2MoOs,0.0
CaI2,5.98
Ba12In4S19,2.56
Li2Si4Ni5O14,0.0
LiLa2IrO6,0.0
AlB2,0.0
ErAl9(Fe2Si3)2,0.0
Ce2(SbPd3)3,0.0
Ba6Sn6Se13,1.52
NbSnIr,0.28
Nb3IrSe8,0.0
RbTbSe2,2.5
Si3N4,5.1
NdSbPd,0.0
TlCoMo2,0.0
YbTe,1.8
Ga3SiAg3Se8,2.3
In5CuS8,1.34
PrBPt4,0.0
Sr3Li4La5O12,0.0
Bi24BO39,2.91
Ge0.15Te1Pb0.85,0.36
K6Ta2.93Nb1.07S22,1.88
RbSc(SeO3)2,4.9
Ce10Se14O,1.93
Ga1As0.7P0.3,1.8
BiAs2Os,0.0
Na2CdSnS4,2.52
Ti3PO7,0.0
BaHgSe2,1.56
DySiIr,0.0
BaTaNO2,1.78
TaTlS3,0.78
LiLu2Tc,0.0
Al9Ir2,0.0
Sm3(Sb7Te12)2,0.0
Rb3Al3Ge7Se20,2.4
Li2CdGeS4,3.1
InCuGeSe4,1.3
CeTaN2O,1.9
Rb2PS5,2.3
BaAg,0.0
Mn3Cr3(CoO8)2,0.0
Na2Zn3(SeO3)4,4.9
Lu3InN,0.0
PrSb,0.66
Cd5Ga2(Te3S)2,1.29
Ag(AuS)2,0.0
GeI2,1.5
Ho3Hg,0.0
KHg11,0.0
Rb4Ga4Si19,1.18
Sn0.17Pb0.83Se1,0.04
KCeSe4,1.54
CuHg(SeO3)2,3.25
YbNd3,0.0
SrNi2(PO4)2,0.0
Li3Dy,0.0
Yb(SbS2)2,1.12
Li5Mn3(FeO5)2,0.0
ScAg(PSe3)2,1.55
Li2Ni2SbO6,0.0
HoMgZn2,0.0
Dy2C,0.0
La3(BN2)2,0.0
Yb2Sn,0.0
Mn3NbO8,0.0
HgOsPb2,0.0
YbRh2,0.0
RbInTe3O8,3.9
K5In3P6Se19,2.2
Li3Co2(GeO4)3,0.0
Ce(SiPd)2,0.0
TmLuPd2,0.0
Tm2ZnHg,0.0
Co2O3,0.0
Ba3Ta2ZnO9,4.32
CdAuO2,0.0
TiFe2As,0.0
YZnBiO4,1.58
Zr3Ir,0.0
K4Al4Si19,1.4
Li2TeMoO6,3.5
Si0.12Ge0.88,0.84
IrSe2,0.9
Li7(Mo3S4)4,0.0
Mn2CoGe,0.0
Sm3AlN,0.0
LiSn4Ir,0.0
TiTc2Sb,0.0
Tl0.005Te1Pb0.995,0.48
Al0.6Ga0.4As1,2.3
FeCuTe2,0.16
Cd0.35Hg0.65Te1,0.28
K4Ge(PSe3)4,2.0
AlSn,0.0
OsS2,2.0
CeIr5,0.0
Ca3Ti2(SiO4)3,1.65
AsPPt,0.4
RuCl3,0.0
Tb10B7C10,0.0
Ga0.99Hg0.01Sb0.99Te0.01,0.72
CoGe,0.0
Yb3Sn13Rh4,0.0
Pd16S7,0.0
Mn0.05Te1Pb0.95,0.37
Tm4In(NiGe2)2,0.0
NdTlAg2,0.0
Mn2Tl2O7,0.0
Th2Se5,0.37
NdMg2,0.0
CsRbP,0.0
ZrHg4(AsCl3)2,2.48
LiAl3,0.0
Te2Mo(WS2)3,0.0
BPb2ClO3,3.99
Li7Ti5O12,0.0
Li4Mn(WO4)3,0.0
Mn(CoO2)4,0.0
Yb(Ga4Co)2,0.0
Ba3MgTa2O9,4.28
Zn0.01Ga0.99Sb0.99Te0.01,0.72
TbGa,0.0
PrErMg2,0.0
GaAgGe5Se12,2.14
Tb4GaSbS9,2.44
BiP3(PbO4)3,3.7
Cs0.4K0.6P1Se6,2.1
KPSe3,2.08
HgPS3,2.6
Ta2TiN3,0.0
Ca2NiIrO6,0.0
InSn2As2Se,0.2
In1Sb0.7As0.3,0.16
ZnSi(AgS2)2,3.28
Cs2Te,3.5
Sr(RuO3)2,0.0
Y(CrSi)2,0.0
Ho(SiPd)2,0.0
La2Pr2O7,0.0
Zr(Fe2Si)2,0.0
PrCo4B,0.0
ScBIr3,0.0
Bi0.6Sb1.4Te3,0.2
NbPt2,0.0
Cs2SeClF6,0.0
CsHo9(Cd2Se9)2,2.06
GdGeRu,0.0
InBi2S4Cl,1.5
Tl2Hg3Te4,0.9
ThAsSe,0.0
BeS,4.17
Si0.2Ge0.8,0.86
Ce15B8N25,3.5
Nb17Ir3S40,0.0
RbTa3(TeO6)2,3.88
Ca5Sb3,0.0
NdSmHg2,0.0
CsInTe2,2.16
RbNa2NiO2,0.0
Rb3Li4(BO2)7,6.53
Zr1.33Ta0.67N1.63O1.89,2.48
Ca3PbN,0.0
TlBiTe3,0.5
Cd0.28Hg0.72Te1,0.21
CaCu5,0.0
ScAgO2,3.8
Eu3(InP2)2,0.45
Zn3Cd,0.0
Ba3N2,0.0
Ce(MnSi)2,0.0
Na2In2SiS6,3.27
Ni(PO3)4,0.0
K2In2P3Se10,2.2
Pr(FeSi)2,0.0
Cu4H10SO12,0.0
LaTb3,0.0
BTe2As,0.0
Na4Al4Si19,0.64
Rb2AgPS4,2.6
Cs2ZnGe3S8,3.33
VCu3S4,1.0
EuCuSeF,0.0
Er(CuGe)2,0.0
CaIn2Ir,0.0
Ba(FeS2)2,0.0
CsMn4In5Se12,1.79
TiFe2,0.0
Ba2GaSbTe5,1.66
Sn3As2,0.47
Ba5Sb3,0.0
Lu3Ga,0.0
Ti2CoS4,0.0
YAlGe,0.0
Ga1.95Cu0.05Se2.95,1.96
BeGaRh2,0.0
CoSb3,0.49
Yb2MgS4,0.0
Cs3Sb2I9,1.89
SrSnO3,4.1
Sm(NiSn)2,0.0
SrTl2,0.0
SnHgO3,1.6
ZrInCu2,0.0
ScN,2.6
SrB2,0.0
Na9(WO3)16,0.0
Cs2AgBiCl6,2.77
LuGaRh2,0.0
YMg4Cu,0.0
B5Mo2,0.0
SbTeRu,0.5
In0.99Ga0.01As0.99P0.01,0.3
Rb2NbCuSe4,2.19
BiPd,0.0
Ge0.15Te0.15Pb0.85Se0.85,0.32
Y2CuO4,0.0
NaSb(PS3)2,2.17
Ba(InSe2)2,2.63
ScSbRh2,0.0
FeSn,0.0
Li2Mo2Se2O11,3.3
Li2Ga,0.0
AuBrO2,0.0
CrNiP2O9,0.0
Ba2ErInSe5,2.29
GaAs2W,0.0
In1.9Cu0.1Se2.9,1.45
Zr(Ni2P)2,0.0
NaNi2O3,0.0
PrAgAs2,0.0
Li7Ca8Nb12O40,0.0
Ga1Sb0.85As0.15,1.1
Ba2FeMoO6,0.0
Sn2WO5,2.6
SiB3,2.0
In2Te,0.46
In1Ag1.75Sb5.75Se11,0.94
Ce(InS2)3,1.11
Th(GePd)2,0.0
YbBO3,0.0
La3(OsO5)2,0.0
SiAu3,0.0
CeMgAg2,0.0
Mg2GeSe4,2.02
NdZn2Ag,0.0
DyGe,0.0
YbIn4Ni,0.0
CeScO3,3.2
MnIn2PbS5,1.45
Er6MnBi2,0.0
TlCr5Se8,0.67
ZnAgF5,0.0
CaVO2,0.0
TlTe,0.0
Dy2MgIn,0.0
Mg2V9O13,0.0
Na2Te,2.3
Tb(AlC)3,0.0
YbAgGe,0.0
HoTiSi,0.0
Li2V3FeO8,0.0
P2H4RhO9,0.0
U4Re7Si6,0.0
AgAsSe2,1.4
Ba2In2S5,2.47
NaTi5Se8,0.0
K2In3CuSe6,1.68
Tm2CuTc,0.0
ScSi3Ni,0.0
Y(CuTe)3,0.72
Ba2GaS4,2.55
Sm2TlHg,0.0
Li3Mo2P5O18,0.0
CaAu5,0.0
HoCd,0.0
InSnAsSe,0.26
Ca(BiO2)2,3.08
Li4(FeO2)9,0.0
Bi2Se3,0.35
Na8NbO6,0.0
Cs2Li3(BO2)5,7.3
K2Dy2Ti3O10,3.38
MnS,0.0
Ga4Cu2Te7,1.08
Nd2Te3,1.12
K2Mn(SnSe3)2,2.0
Cs39Ga53(Se16Cl)6,2.74
GaFe3,0.0
AgAu3,0.0
CuNi(CN)4,2.7
LaVI5O16,3.58
Rb4Mo5(PO11)2,3.51
Ge0.01Te1Pb0.99,0.32
HfSe2,2.2
Nd2ZrS5,1.83
SmAs2Au,0.0
MgSbF6,0.0
LaReB,0.0
Te0.5Pb1Se0.5,0.29
Li5Fe2Ni3O10,0.0
Ba2B6O11,5.17
Ga1As0.3P0.7,2.16
ThSi,0.0
Pr27Se40,0.0
Li4Cr3NiO8,0.0
RbVP2S7,0.0
Al9Rh2,0.0
Ce3TaO7,0.0
Cd0.03In0.97Te0.03As0.97,0.71
Lu2FeS4,0.0
LiSb3PbS6,1.6
DyS2,0.0
Ba3GeS5,3.0
Dy12Co7,0.0
Ba4Ga5Si18,0.31
KTi2F7,6.4
UHg4(AsCl3)2,1.9
Mg3Al9FeSi5,0.0
YCdHg2,0.0
Na3(WO3)4,0.0
KAgO,0.0
Cs2Mo15S19,0.0
VAg2I3O11,2.16
Si0.999Ge0.001,1.09
LiCa2In,0.0
LiCu5P3O13,0.0
Ba2Ga8GeS16,3.0
NdCuTeO,2.26
KIn(TeO3)2,4.0
Zn0.92Hg0.08Te1,1.9
Cs4Ge(PSe3)4,2.0
HfCo3B2,0.0
LiErAu2,0.0
CePd5,0.0
K3Sn,0.0
Ta7Cu3O19,2.47
Ba3(AlGe)2,0.0
Sr3Ti2O7,3.26
Ga4SnSe7,2.55
Hf2ReRh,0.0
Ca2TlCd,0.0
Zn0.99Ga0.01P0.01Se0.99,2.6
NdAs,1.04
Na2Mo2Se2O11,3.1
RbWO3,0.0
Ho(CuTe)3,0.26
Dy2Sn5,0.0
Ti11O18,0.0
DyNiGe2,0.0
CsVP2S7,0.0
YbSm2CuS5,1.28
Li2MgSn,0.0
UGeRh,0.0
Mn3(OF3)2,0.0
NdAl7Au3,0.0
GeTe2,0.3
Mn(BW)2,0.0
LiGaTe2,2.31
UP2S9,1.41
BeCu,0.0
Rb2Sn3(SbS5)2,2.33
Ti3Be,0.0
La2PI2,0.0
Tl2Hg3S4,2.05
TlSbSe2,0.82
Yb(InS2)3,1.31
Pr7Mn8O24,0.0
HfO2,5.55
Zn2TeMoO7,4.1
Yb2InPd2,0.0
Ce2Ti2O7,0.0
SmMgHg2,0.0
SnGeS3,2.23
K3Ta2AsSe11,1.45
ZrAlW,0.0
LaIn5Ir,0.0
CeHg,0.0
DyRh,0.0
Nd2O3,4.4
SmAlCu,0.0
MnSbPd,0.0
BMo,0.0
Li3AlTe4O11,3.63
CdIn8Te13,1.02
Ca2Co9O13,0.0
Na15Sn4,0.0
Sb2Ru,0.3
Be12Pt,0.0
Rb4Ag9(SbS3)4,2.0
Cd0.75In2.1Ag0.2Te4,0.54
CeCdAu2,0.0
Ce2SiSeO4,0.0
KCu4AsS4,1.9
AlAs,0.0
LiScHg2,0.0
K(FeAs)2,0.0
KSc(SeO3)2,5.4
LaCuSeO,2.83
Nb6VSb3O25,3.2
Ca(TiS2)4,0.0
Ho2O3,5.42
NbCu3Se4,2.45
Li2CdSnS4,3.26
La3Te4,0.43
Mg2Si,2.27
CdCu2SnS4,1.37
SiGe,0.88
Yb2SmS4,0.0
CsLaHgSe3,2.46
RbH2(IO3)3,4.07
Hg2Rh,0.0
Mg3(Ni10B3)2,0.0
MnV(TeO4)2,1.9
